,Id,Sales xg,Sales rf,Sales best
0,879066,5650.5,6124.5127,4821.4
1,37135,5848,5705.889,5952.4
2,285919,8997.4,8352.855,7924.9
3,744348,12076.9,12619.576,11743.3
4,556250,8010.4,5567.1694,4824.1
5,702857,6278.6,6167.112,5412.2
6,648596,13990.7,17260.078,14148.5
7,3915,10229,9205.03,7858.7
8,939798,8358.8,8491.559,8270
9,460359,7068.4,7473.1997,6870.2
10,52386,9481.5,9156.782,8930.1
11,80864,8573.1,8426.088,8805.3
12,60534,8083.3,8060.677,8336.9
13,860712,6662.7,6570.0513,6719
14,677333,8510.1,8405.827,8858.4
15,1016282,11885.4,9818.779,9727.4
16,91930,8255.5,7665.8135,8116.4
17,11003,10484.8,9378.486,10594.3
18,635859,7610,7951.292,8026.4
19,427792,9622.5,9529.918,9547.3
20,174845,8944.9,8463.412,8375.8
21,429798,6382.4,6063.272,5981.4
22,686822,6369.5,6939.6187,6765.2
23,191678,13613.1,13044.234,13437.6
24,398480,11838.1,13833.922,12218
25,987753,7888,7801.4385,7094.9
26,1011557,12783.5,12320.321,12193.6
27,422663,6516.5,6310.621,5835.2
28,405989,9071.8,10133.285,9224.7
29,185599,4608.8,4403.0664,4440.3
30,170978,6995.4,7834.1206,6807.8
31,645402,6369.8,6097.891,5847.8
32,257677,7688.4,9775.833,9891.6
33,217035,11325.7,10637.979,11144.8
34,878522,11307.9,11347.876,11155.3
35,683545,11479.4,11690.319,11916.8
36,718723,11353.1,9030.698,7784.6
37,337610,6854.5,8249.643,6718.2
38,874699,7668.4,7836.2803,7681.8
39,378685,5523.8,5418.6416,5316.3
40,309197,7173.1,6796.0796,6223.2
41,231251,12378.2,12466.643,11840.7
42,701881,8204.9,7950.473,7947.7
43,123358,7054.9,5537.195,6217.1
44,298862,5989.8,5936.509,6168.9
45,465184,7033.9,6457.8203,7539.7
46,998154,8845,8995.539,8630.5
47,321515,4422.4,3724.3057,3958.3
48,831238,9840.7,10039.883,8763.2
49,331595,5589.9,5410.0015,5590.8
50,642322,8643,8505.76,8403.2
51,190723,9138.9,8084.16,8609.2
52,611837,8444.8,8473.662,6098.6
53,744397,11582.8,10285.409,11266.7
54,437649,6460.7,6406.9463,5764.4
55,186104,8716.6,9179.841,9138.3
56,589867,13777,13633.675,11061.8
57,532624,8083.9,7539.864,7763.1
58,910098,6748,6484.8433,6621.1
59,45135,11382.1,9279.7295,9068
60,649178,6089.2,6390.12,5971.6
61,752315,7500.6,6866.7305,7574.1
62,127563,10268.1,10770.031,10597.7
63,798838,13487.9,13164.906,13329.8
64,837021,6829.5,6521.303,6842.8
65,880045,8121.7,7722.3867,7773.4
66,264710,7819.8,10900.843,9597.9
67,116415,10610.5,10023.7705,10478.9
68,634702,11804,11659.143,12705.7
69,450328,8070.1,8369.491,7822.8
70,792466,11550.5,10903.536,11365.5
71,614237,4995,5363.44,4991.7
72,208161,5947.4,5963.3643,5323.4
73,863694,7855.5,6655.826,7121.9
74,366634,10608,10131.749,8910.9
75,896862,16624.7,16321.102,14118.3
76,342531,9654,9670.872,9922.8
77,620434,5285.9,5200.065,5346.7
78,254534,6669.1,6053.812,6493
79,329705,9572.2,9018.776,9174.3
80,919220,8593.7,8315.709,8995.1
81,945686,11833.7,11149.361,11918.5
82,917134,3924.7,3287.1697,3750
83,291332,13633.5,18531.814,13819.5
84,193051,7779.7,7763.0557,7554.4
85,696139,5583.9,5754.6543,5686.4
86,770312,6747.4,6784.687,5844.6
87,901382,8506.3,8449.128,8595.8
88,762394,7114.3,7218.669,7296.1
89,32719,11336.9,11883.325,10737
90,725842,5738.5,5751.7183,5680.9
91,1002574,8646.2,8451.739,8387.4
92,898419,7731.7,7226.109,7326.5
93,601226,8831.6,8948.081,8409
94,291050,7574.4,8707.11,9009.3
95,608673,6348.8,6076.7217,6247.1
96,344789,9862,9434.1455,8639.3
97,728690,6207.3,6374.9067,6380.6
98,553233,5875.3,5976.98,5989.5
99,842536,9594.4,9382.2705,9332.9
100,501842,10488.2,10576.65,10049.3
101,530218,10966.3,10937,11004.1
102,3900,5962.5,5478.1147,5260.7
103,66516,9806,10345.749,9961.4
104,785023,5584,5839.8867,5282.4
105,229534,8060.8,8937.53,10765.7
106,7972,9028.3,9451.627,8267.8
107,444040,12930.4,14649.627,13662.3
108,784118,8824.3,9221.27,8457.2
109,186544,9245.3,7590.3364,6597.9
110,356115,8542.1,8991.6875,8482.5
111,713972,9630.9,7161.9453,6849.6
112,426800,9085.5,8648.8,8712.3
113,319229,5598.6,6127.259,5722.7
114,603871,9330.1,9940.749,9851.2
115,96693,7841.7,8042.3154,7883.5
116,159498,5642,4346.489,4151.6
117,930086,9338.2,10654.407,9790.7
118,938761,8560.4,7333.0615,6307.1
119,768828,9705.2,9550.072,9352.5
120,465084,4970.7,4886.71,4898
121,739991,14415.7,14479.95,12923.5
122,297524,15030.7,12021.338,10200.5
123,338144,8525.3,7612.1665,7805.9
124,947660,16388.5,20021.703,17261.1
125,560974,8302.5,8117.074,8155.1
126,777183,7966.5,7270.181,7707
127,106038,9325.1,9808.091,9230.4
128,716753,10799.6,9799.488,10027.3
129,705737,5148.6,5408.485,5012.3
130,619163,5713.9,6157.1846,5136.1
131,249318,9033.9,8595.633,9213.9
132,429290,8422.6,8327.385,7977.5
133,441255,5524.5,5612.1953,5092.2
134,769769,7176,7458.5376,7487.4
135,765174,7607.8,7668.534,7408
136,901897,10121.7,10060.693,9986.8
137,1007374,10115.2,10889.683,9251.3
138,259231,6633.2,6627.939,6894.3
139,533688,9017.8,8808.615,8802.6
140,346936,8416.4,8397.277,8062.8
141,707002,5995.5,6359.2017,5373.9
142,673103,8190.7,7631.766,8792.6
143,107675,10467.3,9303.64,8758.5
144,464562,9939.3,9462.857,10294
145,943485,9594.2,9274.262,9360.1
146,858750,13263.1,11541.732,10481.2
147,812746,8645.2,9818.518,9359.1
148,589554,7878.8,6779.4536,7240
149,371569,11299.7,11888.993,11675.7
150,963052,10555,9879.643,10730.5
151,611909,8577.1,7208.239,6559.4
152,434050,7930,7735.1914,7599.7
153,978489,11312.6,10519.447,9983.6
154,264855,7995.4,8237.055,7992.2
155,97503,8215,8316.447,8355.9
156,808037,12132.4,11971.841,11427
157,362229,10861.6,9609.27,10647.3
158,857340,12069.42,11566.273,9326.9
159,14489,7530,9143.481,7725.6
160,464758,10270.8,9229.98,8887.5
161,324649,9385.2,9301.511,9343.1
162,947849,8753.7,7850.973,6949.8
163,361717,8296.6,8466.682,8400.6
164,663746,4941.2,4954.551,4922.6
165,82575,7444.6,6549.185,7550.1
166,374521,11983.6,12704.86,10597.4
167,846198,12166.2,10088.78,10714.6
168,384193,7177.1,7645.6963,7360.9
169,218398,5681.2,5444.2036,5481.7
170,796248,8824.9,8419.163,8777.7
171,787249,7459.2,7514.965,7449.4
172,250864,10250.4,10506.021,10236.2
173,645288,6723.3,6573.3545,6647.8
174,654987,6607.9,7343.631,7085.9
175,573253,7854.2,6456.8716,6717.8
176,117120,4420.5,4422.079,4254.8
177,626874,14081.3,13172.605,12283
178,586838,13004.4,9849.704,10071.4
179,1000997,11044.9,10586.54,8573.9
180,454724,9220.7,8120.373,8289
181,457707,6317.6,6559.7256,6549.5
182,596626,7503.6,7221.961,6174
183,296201,7424.4,8568.425,7306.6
184,857529,8333.5,9292.864,8259.2
185,517262,4597,4619.857,4703.8
186,440692,10306.4,8853.89,7957.5
187,477285,8653,9132.447,8786.8
188,807203,12269.4,11335.999,10065.9
189,945611,9666.5,9169.936,9543.6
190,270697,7987.3,7960.8765,7837.4
191,762007,15270.8,16274.518,15422.3
192,298397,8596.1,6441.002,6307.1
193,276156,6573.2,6720.1016,6685.5
194,108641,13271.5,11486.911,11900.5
195,67970,6361.6,6346.029,6289.8
196,647059,13709.5,10767.648,8544.4
197,673878,3825,4024.1282,3823.4
198,420525,10171.8,10094.392,10286.8
199,754005,8627,10863.3545,9653
200,429524,7055.4,7291.7583,6872.1
201,800468,8210.4,8321.01,7126.8
202,196081,9363.9,9783.5,7771.3
203,1014844,7193.2,7162.1367,7296.7
204,632621,8258.7,7531.634,7672.3
205,146584,9260,9568.899,10117
206,191179,13230.7,13416.76,13439.6
207,102967,4593.8,4345.208,4377.7
208,403689,8382,8772.354,7838.2
209,736466,4602.3,4498.932,4891.5
210,442419,14820.9,15973.837,15564.8
211,979556,5038.2,5601.932,4959.4
212,753268,10684.4,10074.223,10243.6
213,889868,11160.1,11184.306,11441.3
214,13092,9659.2,10114.833,10041.3
215,337833,9885.2,9668.419,9319.3
216,576842,8470.7,6437.6357,6301.3
217,285792,6129.8,5625.8037,5844.8
218,23263,5293.9,4403.751,3588
219,534485,6735.2,6495.0015,5918.6
220,118779,7023.8,8657.218,7048.5
221,466207,7427.3,6486.588,6042
222,398959,9916.4,9761.521,10042.9
223,845162,8492.3,9030.259,8272.7
224,670308,6809.1,8124.5796,7752.6
225,568387,7035.3,7743.7173,7413.5
226,64332,6339,6812.675,6741.1
227,65706,10331.6,10076.433,9920.1
228,711426,12505.8,11865.533,12654.4
229,804263,14794.9,13191.3,10956.8
230,909408,7233.7,7406.313,8385.8
231,309227,5989.1,5771.6626,5654.2
232,80854,9927.1,10812.064,11624.9
233,508623,14081.3,12529.066,12379.2
234,306162,6665,6705.881,6534
235,491399,10877.8,10014.778,10284.6
236,105483,5293.5,5636.2397,4845.3
237,495741,10088.2,9370.645,10371.5
238,46037,6332.6,6560.8145,6187.7
239,898587,4426.8,5547.3657,5486.1
240,524487,8972.2,8455.586,7591.8
241,258967,5651.2,5217.4595,5545.2
242,391717,9027.6,9731.402,8590.2
243,262966,6568.9,6792.982,6213.5
244,753825,10154.8,10184.464,10860
245,729222,15018.7,11179.134,10321.5
246,190860,11575.8,11552.768,11089.7
247,899236,9450.7,9800.151,9771.1
248,169180,6524.2,7609.0234,6853.2
249,736390,11624.1,13005.712,12341.2
250,678464,20638.6,19833.514,21545.8
251,860295,13686.8,13522.642,14508.3
252,617262,7770.3,8115.3477,7684.1
253,259202,3859.9,3773.6501,3582.9
254,337050,7939.1,8018.778,7928.9
255,89030,10129.8,9752.876,10304.6
256,487986,6950.7,6843.473,7234.4
257,59391,7273.2,6762.017,7483.8
258,804555,15371.4,12874.977,13132.1
259,181523,8923.6,6744.9727,6506.9
260,358270,13491.6,13425.6045,14080.6
261,248175,22206.2,29793.531,22551.6
262,911528,5219.9,4711.458,5112.5
263,556795,7810,8230.717,7819
264,9291,7466.8,6778.865,6937.8
265,967750,4287.3,4391.523,4177.1
266,52961,10830.8,12204.341,11061.7
267,132041,9994.4,7595.8916,6919.2
268,729366,9955.4,10712.559,10368.8
269,622800,10878.6,12521.529,11187.8
270,888144,9616.6,9263.706,9518.1
271,244711,8058.4,8405.459,8643.7
272,566828,9349.4,8996.011,8498.9
273,378153,6472.1,6064.29,6192.7
274,718658,7951,8628.53,7904.6
275,987043,6232.9,4568.806,4830.4
276,831191,9677.1,9719.455,9704.2
277,321268,10718.2,10210.89,9840.6
278,304817,11803.9,12288.437,10418.7
279,961994,7323.8,7486.441,7181.7
280,768411,7417.9,7892.3193,7994.1
281,804835,6407.8,5648.2036,4345.6
282,177118,8720.2,9158.214,9028.3
283,453170,7175.8,6518.349,6989.4
284,143873,5332.2,6635.1436,6513.3
285,711030,4247,4756.764,4548.3
286,65897,8863.6,8904.763,8758.3
287,741781,6658.1,6257.008,6462.4
288,252037,6805.5,7007.429,6900.8
289,192390,6354.3,8314.789,8142.5
290,564137,13362.9,10820.967,9984.4
291,415428,169,87.25096,0
292,658386,7858.9,8111.107,7659.2
293,770186,9905.3,7391.4365,6938
294,235712,6888.7,7259.8633,6729
295,161643,7732.7,8066.045,8050.5
296,822788,7179.7,8206.949,8320.5
297,308335,11015.9,10571.446,10408.1
298,755944,13574.6,12436.277,9690.5
299,672075,9651.4,9759.045,9206.9
300,613775,6586,6756.5303,6306
301,479542,4850.1,4935.292,5069.9
302,625803,10256.3,9196.079,8423.9
303,355332,10088.3,9239.819,8491.1
304,903574,6778.5,6747.083,6507.8
305,607869,6276.1,6100.946,6039.4
306,934662,4655,3969.6836,3311.7
307,869179,10896.4,10414.039,10626.4
308,985319,9323.6,9314.241,8851.1
309,577452,12885.9,12205.633,11877.2
310,725065,7814.1,8364.719,8223.8
311,527499,6967.6,7487.605,7103.3
312,4882,12682,11044.234,11183
313,616116,6649.1,6811.388,7196.6
314,971875,6051.1,6787.8716,6054.8
315,214208,12354.8,11958.033,10835.8
316,627511,7058.2,6867.792,7265.8
317,815168,9323.5,9899.865,8675.3
318,135216,10528.1,10975.916,10414.9
319,94175,18359.7,19404.244,17661.6
320,223546,7254.5,7167.2827,7311.8
321,729127,5378.9,6300.547,6098.9
322,11301,9163.4,9642.945,9472.8
323,166838,8638.1,7040.9683,7479.9
324,938716,7476.2,7621.197,7669.8
325,598140,7284,6930.649,7077.4
326,536581,10885.8,12240.022,11285.6
327,478618,5902,5351.288,5383.1
328,326671,9081.2,9098.193,8566.5
329,59867,4780.1,5063.2466,5192.6
330,101559,6397.3,7341.341,6483.2
331,292746,4710.4,4729.212,4146.5
332,961605,12281.6,14446.527,11633.7
333,796049,6087.3,6243.9155,5973.2
334,694223,15675.7,15589.113,15021.7
335,451632,15468.4,16149.894,14890.2
336,183381,7004,7332.922,7228.4
337,366200,8652.8,8418.97,8382.6
338,730918,7414.5,6603.059,7172.4
339,812598,9361.3,8984.546,8211.9
340,907222,7239.8,6646.532,6198.8
341,821158,13599.8,14028.115,13982.5
342,522695,9036.8,9329.187,9963.8
343,318832,12031.2,11302.24,11643.3
344,24817,4847.8,4650.1245,4892.2
345,755692,6898.5,9831.871,8426.7
346,24225,6329.9,6720.6016,6573.1
347,977687,10141,10251.709,10489
348,172749,11030.4,11387.949,8840
349,612526,8095.8,8256.05,8607.3
350,896891,8397.4,8028.6807,8838.1
351,328317,8571.9,8552.169,7738.2
352,416359,7787.2,7181.42,7215.1
353,364282,12155.8,10565.55,9907.1
354,698027,15900.5,16244.65,11798.1
355,656792,8663.7,8394.61,8432
356,297118,10634.5,12149.952,11186.8
357,806561,11857.5,16016.0625,12559.3
358,282500,7625,7932.574,7267.3
359,192887,9302.8,9936.777,8381.3
360,207709,8791.1,8951.034,8452.2
361,1012976,11747.5,11033.77,10481.7
362,270884,8605,8434.056,8334
363,293709,6331.6,6317.6616,6542.8
364,181915,7346.7,7627.487,7453.6
365,980294,9623.8,9976.605,8659.9
366,797346,6276.4,6985.048,6517.1
367,94057,16504.9,16415.674,15484.5
368,431841,8061.3,8416.931,8144.9
369,522400,9141.2,9309.6045,9387.8
370,838149,7372.9,7804.6387,7722
371,175453,10396,10536.005,10351.6
372,444199,6395.9,6038.869,6252
373,953744,9851.4,9816.345,8519.5
374,834671,13007,13223.043,13457.2
375,936868,9556.5,9678.198,9695.7
376,157127,13316.6,13726.152,12320.8
377,195962,10349.2,10512.637,9787.7
378,746622,5182.5,6528.952,5194.9
379,860798,17177.3,17478.441,17682.7
380,655675,9819.9,10120.497,9776.1
381,1005899,9939.2,12633.991,10339.5
382,347991,19710.2,21906.85,18130.5
383,818388,11684.1,10927.105,11204.3
384,767265,9110,9414.128,9094.1
385,481507,9585.6,9340.021,9393.9
386,4757,12354.3,11426.899,12847.4
387,125548,9577.4,11549.616,12234
388,308420,15689.1,17411.492,12355.8
389,351878,11527.4,17214.047,15613.9
390,990098,8583.7,8197.397,8186.8
391,608369,7434.5,7786.697,7618.3
392,522723,9526.3,9046.052,8338.3
393,580863,10716.5,10612.532,9967.2
394,306288,6209.6,5260.656,5094.3
395,992032,13441.2,13782.429,11480.5
396,867450,8510,7872.1484,8399.7
397,978200,9085.5,7748.335,8180.5
398,300820,7156.1,7055.5024,6945.4
399,262920,10936.8,10170.563,10947
400,552648,8901.3,8687.524,8597.3
401,97713,7359.1,6801.4165,7123.9
402,129214,10306.8,9178.0205,8316.5
403,537855,6348.7,6105.323,6286.3
404,320669,5007,5323.339,5216.9
405,859595,8893.4,9714.627,10106.7
406,367187,5652.4,5446.951,5413.1
407,321680,7638.6,7171.789,7298.1
408,53814,7369.1,7106.203,6994.7
409,363849,7607.8,8243.193,7532.9
410,682605,12439.2,12319.275,12889.3
411,144850,11188.2,10270.489,11276.6
412,186434,10063.1,10406.682,9771
413,886430,7947.9,7891.3936,7882.8
414,916068,7182.5,7483,7088.3
415,518710,12226.3,15932.224,12163.6
416,870977,8296.3,8037.553,8304.4
417,376557,7777,8280.64,8399.1
418,974317,9105.8,7276.1475,7228.6
419,851500,6406.9,6003.64,6457.9
420,715999,14588,14252.942,13498.9
421,521470,5455,5622.7026,4708.8
422,495019,12839.7,16341.646,12776.9
423,738301,9126.3,9260.561,9158.6
424,359536,5962.4,5255.089,4378.1
425,303674,7290.7,6037.1875,5279.6
426,693411,8640.4,8774.454,9207.4
427,535592,7543,8150.5186,8268.2
428,209301,6786.4,6518.3926,6660
429,224128,11896,13816.49,11695.7
430,554480,13377.1,11797.725,11489.7
431,2325,13801.6,16464.373,13562.6
432,870233,11240.9,10968.611,8925.6
433,692563,10753.4,11248.181,11544.6
434,906789,3643.5,3661.2375,3587.4
435,617746,7224.3,7524.1377,8267.9
436,54398,9665.1,8317.065,10315.8
437,836194,6850.9,6441.3335,6252.3
438,245075,9829.8,8825.292,7855.2
439,251747,9415.4,9079.261,10009.2
440,814500,9363.7,8419.154,8375.9
441,878848,6921.2,6994.0347,7040.3
442,482088,6845.1,7840.5566,6149.9
443,303019,18026.2,16849.326,14279
444,29412,11898.6,10101.644,12213.1
445,133148,7508.9,7678.407,6944.5
446,61663,6362.5,5457.805,5737
447,258585,6321.8,9554.555,9674.1
448,22829,11802.9,11959.824,11650.3
449,743377,9360.4,9286.565,9955.7
450,753831,6270.9,6533.948,6427.1
451,916762,7757.5,7454.37,7920.6
452,684736,19803,14564.91,15932.2
453,497953,10869.2,7808.123,7867
454,267679,8784.6,9813.087,9806.3
455,949287,8249.1,8000.718,6780.8
456,534539,6888.8,6796.1313,6752.7
457,756467,8831.4,8666.5205,8919.6
458,172910,13344.5,13245.118,13678.9
459,157591,5815.3,6435.389,6373.6
460,644325,7119.1,6338.872,6386.9
461,128947,7590.7,6182.738,5029
462,1003869,8312.4,6965.0093,5613.9
463,14952,11093.2,11877.274,10275.2
464,265973,9452.3,10447.018,9230.4
465,37062,9899.4,10277.594,9774.1
466,68422,19552.2,19222.793,16203.3
467,855143,9531.5,8736.6,7661.8
468,671536,15333.6,19418.26,15913.6
469,146475,14746.4,15626.85,14365.7
470,518974,8926.7,8839.723,8806.6
471,720099,9842.7,7260.2026,6340.4
472,179495,4155.4,4802.1255,3944.3
473,921810,9065.4,8737.133,8788.2
474,71312,9058.9,6897.6685,7724.9
475,989461,8941.9,8570.492,7922.8
476,114214,8205.9,8143.6416,7823.6
477,656445,11506.1,10423.887,9956.5
478,693187,16501.3,15109.816,15656.2
479,124153,6615.8,6732.882,6060.5
480,844245,8266.2,8137.112,7433
481,280806,9784.2,10411.716,9342.3
482,62456,5685,6195.3,5883
483,407008,11693.2,10778.89,9123.9
484,829504,6634.4,7003.2734,6839.6
485,135255,6081.1,5944.107,5934.6
486,368517,9031.9,9164.891,10429.7
487,403964,4702.5,4742.027,3916.2
488,906155,8700.3,8744.745,8607.5
489,797134,8613.1,8815.146,9055.5
490,843008,8788.4,8579.833,9316.4
491,227606,9743.2,9471.553,10360.6
492,935423,11339.1,10346.4,10271.9
493,893778,9964.2,10956.169,9352.1
494,896153,6781.1,6826.8228,6596.1
495,302680,12407.4,11396.587,9682.2
496,527048,11344.3,11485.629,9940.6
497,136807,7185.6,7110.976,7268.4
498,436444,7446.6,7714.4067,8098.2
499,42597,7232.5,7539.094,7103.9
500,919288,7780.8,7641.373,6572.3
501,752825,14851.6,14591.368,14106.3
502,495734,9020,9447.319,9171.4
503,316661,10692,9553.862,8653.1
504,111217,6037.2,6339.682,6306.1
505,523946,10140.8,9580.58,9736.6
506,288620,9603.3,10035.307,9457.1
507,4872,10828.5,10752.818,10720.9
508,253885,7404.2,7063.94,7240
509,516495,11789.9,10995.929,9673.8
510,521712,8581.2,7487.1406,6135
511,354626,7344.9,7930.547,7816.8
512,533554,21436.1,22236.68,20998.3
513,531423,7393.3,6856.2334,6956.3
514,215171,11313.6,11982.327,10990.8
515,885166,6874.6,7017.4355,6653.6
516,358427,10037.8,8314.654,6051.7
517,748215,7057,7193.2046,7407.4
518,181312,7714.4,7401.934,6912.5
519,685259,5444,5274.2114,5278.7
520,331925,7350.8,7295.647,7212.2
521,93693,10665.1,10760.41,10507
522,25167,14524.7,15090.201,14470.3
523,817902,13021,12815.082,10044.4
524,317598,12187.4,11683.298,10478.6
525,541392,11000,10850.576,11072.1
526,434447,15724.2,16370.958,13064.7
527,76139,13048.8,13591.545,14354.6
528,663175,11091.4,13157.312,10050
529,105155,13944.6,11107.808,10800.4
530,522703,6901,5211.958,5250.5
531,912853,12680.7,13108.9375,10596.3
532,22696,15713.2,17033.309,14191.7
533,81545,10160.8,10119.281,9850.5
534,741612,10382.8,9567.395,9058.3
535,315970,12550.3,12441.948,13273.7
536,139729,7418,7395.4277,7453.4
537,420000,5996.9,4807.1577,4009.5
538,643251,12689.8,13511.632,12786.4
539,699411,7783.8,7526.837,7522.9
540,934620,10001.4,9069.005,8148.6
541,113959,7018.4,7572.1,6834.8
542,339916,2991.6,3802.8054,3278.3
543,545719,17377.7,17446.73,16800.4
544,564936,14384.1,14164.29,14472.2
545,367438,12589.7,14241.746,13358.3
546,175109,6593.2,6971.237,6812.2
547,761333,4958,4771.984,4680.1
548,421808,6948.5,6039.2554,6477.4
549,804228,5582.3,6588.4883,6450.4
550,435152,12456.1,11716.596,10398.3
551,675006,9364.6,9339.505,9172.8
552,778402,9566.7,9138.974,9274.6
553,67763,7296.5,6706.111,5438.9
554,755866,5889.2,5972.1816,5863.5
555,566035,12186.8,10097.589,7769.4
556,918630,7439.2,5602.0283,5773
557,103158,6249.4,5141.6133,4366.7
558,542325,9303.5,9221.094,9811.5
559,336951,20581.4,20638.703,17417.2
560,96213,10606.3,9418.008,8676.3
561,878189,23827.4,18059.822,19214.1
562,635926,5593.6,5545.9585,5964.1
563,185988,6533.4,6561.8535,6680.4
564,590716,8836.4,9162.767,8038.2
565,488178,6933.8,6712.856,6978
566,400178,7680.2,7186.7993,7780.3
567,572940,6051.5,6509.247,5784.2
568,527828,6663.1,4895.402,4766.4
569,788402,6451,6140.985,6279.1
570,283865,9723.9,9689.411,10268.4
571,916804,8484.5,8326.218,8081.4
572,64780,5210.2,4908.0913,4963.5
573,465480,9408.9,9766.206,10554.8
574,293354,7392.8,7541.6978,7242.7
575,330648,8852.6,9031.767,9026.9
576,285054,6547,6837.0273,6901.5
577,241833,16119.2,19131.62,13489.4
578,52762,11247.4,10928.471,9532.4
579,417959,11951.8,12400.839,11306.1
580,614447,7283.2,6992.8403,6087.6
581,346417,7448.9,7471.532,7625.1
582,631779,4539.3,5852.6235,5205.4
583,251346,5666,5721.82,5599.6
584,985650,14097.2,9456.794,7844.2
585,529108,18327,18980.102,17630.4
586,953786,11663.8,11539.993,12018.6
587,213912,10863.7,9670.54,8701.5
588,370841,7227.2,7593.3057,7491.4
589,354063,6977,6756.266,6887.2
590,474685,7393,7753.229,7501.6
591,14081,6143,5587.289,5420.5
592,113610,14422.3,13870.306,10977.6
593,109038,4824.9,5226.171,4883.7
594,308102,16142.9,25124.955,16689.1
595,217420,6256.1,6206.0107,6624.9
596,666721,6622.5,5891.275,6339
597,105442,6382.4,6654.658,6160.4
598,172860,13725.2,13631.426,11277
599,171014,11539.9,11788.805,11704.9
600,638608,6035.9,6058.1445,6054.9
601,91822,7026.3,7180.4546,7355.2
602,572249,9019.2,8906.401,9133.3
603,647292,8402.5,9088.437,8511.5
604,89571,9749.5,9733.993,10066.1
605,643356,7201.3,6823.021,6402.2
606,429702,6483.5,5986.474,6150.4
607,97682,12921.8,11876.686,11787.5
608,15699,6052.5,5940.6836,5630.4
609,916226,4949.1,4801.4844,4418.8
610,322796,6409.9,6430.4863,6441
611,863858,7989.3,8192.512,7568.9
612,990577,6826,6549.2603,6960.4
613,84745,10079.6,8897.274,7557.3
614,697780,11569.6,13127.2295,9750.7
615,381012,10446.3,10059.12,9866.2
616,527786,9091.3,8402.901,8433.9
617,740615,8488.2,8774.856,8993.7
618,747271,7880.8,6571.95,6962.6
619,818618,11221.2,11180.957,11118
620,87851,6823,7266.445,6213.8
621,183747,4500.7,5701.194,5986.3
622,544038,9370.1,8816.693,9593.3
623,970308,8985.4,8979.868,7548.1
624,283059,7513.5,7333.3623,7454.3
625,635240,11225,12972.301,10946
626,49849,6854.4,8097.7344,8335
627,896099,11889,9941.868,11084.1
628,798170,6702.4,6855.638,6448.5
629,519994,9149.8,8239.491,7037.3
630,335682,7597.5,7120.1113,7188.1
631,77064,11497.7,8741.968,9004.8
632,423296,7457,7457.5205,7554.3
633,372630,9657.7,8964.61,8409.8
634,565736,10201.5,8744.152,8372.1
635,691750,9606.4,9514.633,10201.1
636,765563,12723.2,11783.882,12022.4
637,18001,7681.2,8333.257,7915.7
638,165992,6112.6,5321.7495,5129.4
639,932931,13876.5,13552.363,13699.5
640,84076,5994.9,6882.0146,6308.9
641,198927,3400,3119.581,3553.2
642,781989,11220.8,11242.132,11030.4
643,622594,12759.6,11478.763,10941.6
644,236373,14253.9,16170.3,14805.2
645,479384,7854.9,7401.9624,6465.5
646,498061,11624,10706.747,9328.7
647,522999,7325.9,7404.858,7443.3
648,280432,5331.4,5642.6733,5106
649,967722,7720.7,7419.7397,7915.4
650,380483,8337.2,8361.975,8482.8
651,407520,10950.2,9408.841,9772.3
652,556142,7443.6,7967.8496,7687
653,487423,9167.7,8710.482,7772.5
654,790158,10938.4,11439.199,11595.8
655,986674,4885.7,4441.8174,4458.8
656,306176,7607.4,8868.562,7987.8
657,933009,7037,7413.7974,7325.8
658,913321,5758.8,6694.4604,5879.4
659,881764,6310.2,6742.9204,6542.9
660,222471,7696.6,7326.2173,6982.9
661,941263,9871,10427.497,10050.6
662,70877,11349.1,9545.209,8239.1
663,141731,10992.4,9040.824,9245.6
664,992628,8705.3,8934.249,9052.1
665,485557,8767.7,9086.165,8579.7
666,293552,13149.4,12786.416,11666
667,79985,11727.9,13339.184,11283.2
668,214983,5956.5,5806.3447,5711.6
669,608124,9986.7,8788.173,9759.4
670,629843,8769.3,9030.811,8877.4
671,255031,10330.2,10068.719,9242.4
672,528522,11468.8,11411.858,11085.5
673,509491,11757.6,12564.032,12021.7
674,57216,4546.4,4194.614,4449.5
675,821099,9657.5,11525.551,9379.4
676,632161,10127.8,9750.867,9392.9
677,476489,10282.5,9885.656,10414.4
678,855995,13052,11911.08,11695.6
679,828449,6589.2,6465.586,6325.8
680,485194,4362.4,4537.115,4597.1
681,533597,13367.7,15542.083,13260.4
682,455039,9137.7,10083.797,10103.5
683,373530,10821.3,11706.509,11179.5
684,847495,7232.3,6873.172,7319.4
685,411271,9933.1,8307.6,7056.6
686,48617,8663.7,11711.836,10304.2
687,247957,5548,5104.767,4996
688,962257,11218,10121.81,8077.7
689,17617,7397.7,7636.018,6322.2
690,668483,9416.8,9537.174,9959.4
691,546239,6256,8747.381,6763.3
692,174241,7648.4,7820.242,8022.6
693,87933,9495.1,10405.67,10461.9
694,969595,6245.1,6446.632,6826.6
695,34469,13805.7,13116.142,12701.7
696,997362,15074.1,13719.687,13896.3
697,668748,19950.1,21091.195,16094.8
698,560107,11866.4,10512.897,10419.9
699,368683,5815.8,5636.7827,5461.5
700,804222,8097.5,6985.434,7459.2
701,403175,6397.2,6136.681,6081.5
702,457826,3265.6,3564.5083,3244.4
703,164369,15608,14895.179,12131.6
704,180460,12340.9,11253.472,11564.5
705,271086,7619.7,7694.0884,7671.1
706,957698,16072.5,16554.943,13309.2
707,295570,6819.1,6971.8154,6898.6
708,979932,12005.8,12109.611,9754.8
709,547583,6166.6,6205.46,6231.7
710,863892,7709.6,7520.3784,8063.8
711,507804,7468,7674.534,7577
712,246770,11836.4,11007.702,11171.9
713,140749,8271.7,7530.4844,7973.4
714,935622,10349.2,9715.238,8777.2
715,299585,7205.9,7114.5312,6968.1
716,501062,7355.5,7677.031,7513.7
717,190155,9787.2,9601.418,8773.2
718,408991,6830.6,6660.64,6930.4
719,747592,9656.9,9989.44,10085.8
720,77109,8849,9381.707,9191.8
721,451619,9046,10043.101,9111.9
722,629026,10880.8,10903.411,11061.6
723,718248,9648.5,9073.573,7918.4
724,212575,6689.2,7538.5405,7076.1
725,436866,14278.6,14319.147,12635.4
726,73202,4800,5828.6904,5693.9
727,650097,6942.1,6687.81,7185.4
728,973157,15990.8,15877.54,13947.6
729,917929,9671.6,9980.927,8450.7
730,522920,10169.1,9986.525,10189.2
731,472409,12444.4,12363.19,9745
732,581962,16352.6,20686.412,16250.8
733,672883,6779.5,6358.14,6678.6
734,702665,6075.8,7930.9175,6300.5
735,874339,5951.2,5894.2314,6327
736,352452,9521.3,9532.481,10098.4
737,517828,9826.8,9720.911,10083
738,306466,12405.9,12532.736,12317.5
739,969609,10238.1,10170.428,9238
740,270108,15389.5,13677.787,10844
741,727316,13405.2,11769.37,10752.9
742,534821,4962.8,4886.7056,4980.5
743,56431,8832.7,8953.972,8545.6
744,185646,8311.1,8151.5757,8124.7
745,359591,8806.1,7981.5107,8759.8
746,289641,10143.8,11611.768,9850.4
747,723953,7076.4,6989.84,7121.3
748,23556,6710.1,6861.84,5840.1
749,457779,6640.9,6334.2725,6688.1
750,184882,4877.4,4795.557,4000
751,449567,6714.6,7003.6074,7845.4
752,484121,9256.5,8984.555,9071.9
753,883782,8061.4,8155.8223,8070.6
754,124038,12561.9,13866.866,12723.8
755,911321,22437.1,21402.621,22257.8
756,818742,7893.5,8487.923,9049
757,636202,8748.2,7719.971,5876.6
758,899530,9732.6,10119.513,9118.6
759,830017,8068.2,8674.666,8229
760,3864,11700.2,13085.815,11570.8
761,798619,6216.7,5763.0254,6551.8
762,864753,7209.9,8593.633,7245.3
763,280087,6093.4,5462.2163,5883.7
764,465395,10864.9,11147.66,11868.6
765,202290,7529.8,8262.943,7742.3
766,507695,9742.2,9310.83,8064.7
767,907175,20500.1,21360.838,18944.8
768,302613,12982.5,12002.16,13769.1
769,26947,5618.5,6392.522,5691.9
770,945105,10399.2,9425.952,8667.9
771,227632,5542.1,6387.518,5548.4
772,871727,6632.7,6740.7534,6372.1
773,637336,7371.7,6468.374,6229.2
774,335175,9849.8,10024.822,9844.2
775,862975,6422.8,5803.3936,5548.4
776,44484,5997.4,5859.1587,6043
777,623575,6208.8,6523.1816,6116.7
778,495180,9516.8,9329.934,8794
779,216736,11459.4,8218.652,7279.9
780,197739,7480.4,5249.2974,5108.8
781,612620,7224.2,6917.401,7457.4
782,502189,10583.2,9537.265,8311.4
783,253758,8824.2,8946.187,9176.3
784,488655,9110.5,10137.277,9754.6
785,57663,3566.5,3467.7393,3501.2
786,587515,16721.4,18653.6,12939.6
787,495353,21225.9,18934.703,18968.1
788,476945,6474.2,5069.6885,4436.3
789,463924,10107.2,9783.211,8483.1
790,979123,11122.1,12244.237,10150.4
791,774638,10756.5,10985.006,10705.7
792,954895,6484.9,7145.0654,6645.8
793,855706,6633.9,5028.8657,3731.2
794,915795,5586.9,5394.1104,5568.2
795,333921,9027,10446.38,8195.4
796,638404,5618.3,5872.116,5647.8
797,745034,11288.4,10037.527,8222
798,529667,8766,12113.852,11924.1
799,388099,6170.6,6499.0977,5390.2
800,56392,7309.7,8104.534,7689.3
801,259271,10558.1,10267.404,10485.1
802,416594,5771.8,5826.906,5590.8
803,423884,5966,6361.2095,6503.8
804,28572,6852.4,6712.421,6720.1
805,801751,9767.1,10341.438,9757.2
806,550054,10018.1,12610.732,11104.3
807,985391,10494,9765.601,10287.4
808,190160,9645,11996.495,10674.3
809,166994,7139.1,8026.2534,7148
810,675810,6926.7,5719.2114,4707.4
811,143489,9990.4,8573.837,7296.2
812,713708,8231,8716.499,7573.4
813,418156,11884.6,13391.729,11426.2
814,958811,8222.9,8213.339,8026.1
815,512260,10096.8,7944.6743,6757
816,950515,22211.7,23112.828,20755.1
817,449339,6388,6699.743,6456.1
818,639833,5895.5,6064.3477,5643.7
819,892192,14410.3,13866.536,14195.7
820,375448,9984.1,12050.036,11302.3
821,870403,10364.1,10727.221,9820.6
822,139267,7610.4,8792.005,7110.6
823,561275,11944.4,9544.964,8387.1
824,75801,5274.9,5972.5747,5265.3
825,632055,11114,12031.994,10158
826,580876,16123.5,16742.082,16262.9
827,995435,8403.4,8523.977,8793.8
828,524285,7196.4,7768.878,7506.2
829,340939,7244.2,7340.7944,7235.7
830,89889,15443,16185.05,14696.3
831,132855,9350.6,8674.435,8774.8
832,747447,6361.8,6541.949,6630.7
833,845818,8244.2,7797.466,7940
834,462231,7913.2,7147.894,7519
835,576417,7559.9,7548.844,6768.5
836,656971,7936.8,6292.6914,5054.6
837,771526,10488.5,9515.857,9621.4
838,312497,4249.5,5224.3765,5153.1
839,1011442,10442.8,8168.177,8158.6
840,911462,5109,3686.4285,3604.5
841,488825,23207.9,28989.184,24319.6
842,823356,10207.4,10482.61,11382.3
843,525647,5618.7,6176.313,6000.5
844,794857,5340.8,5379.1074,5285.7
845,798322,11265.2,11454.681,12515.9
846,32844,9409.4,8760.79,10050.9
847,68203,10113.1,9724.073,10036.5
848,624797,11646.9,10962.252,11152.9
849,441578,7271.1,7484.8486,7496.6
850,327652,6120.5,6098.2695,5803
851,277811,5397.4,5302.7124,5458.4
852,486536,16298.1,13786.188,13212.3
853,214467,5826.9,5824.161,5547.8
854,771160,9608.4,9773.912,9934.3
855,442817,12281.7,9153.193,8352.6
856,135141,9024.3,8664.156,8591.8
857,403295,5896.7,5841.107,5640.4
858,385072,9962.7,9854.28,9112.3
859,282833,11379.7,9583.048,9582.6
860,57088,4937,4773.764,4795.3
861,828285,10364.3,10445.025,10500.5
862,82975,15017.5,17292.635,13357.6
863,489983,5629.4,6010.711,5939.2
864,673273,8560.5,8719.809,8353.8
865,1008189,8334.7,9363.792,8561.5
866,509662,6625.9,6555.1787,5865.5
867,433199,10466.6,10686.832,10267.5
868,799531,7526.6,7138.7573,7283.8
869,938428,8890.4,8793.741,7229.9
870,20906,8103.9,8494.952,8298.9
871,603213,8498.5,8525.676,9153.1
872,718780,4306.6,4242.7993,4011
873,31313,7261.8,5368.989,6202.4
874,157942,5616.6,5719.9424,5747
875,93559,131.6,75.44596,0
876,1004412,12117.3,8631.65,8915.8
877,956999,12709,12231.258,10929.7
878,125025,5462.6,5324.268,5433.3
879,501617,10580.2,9229.355,9763.5
880,709860,6611.5,6308.5146,6501.3
881,51435,7552.8,7419.5205,5956
882,498715,6904.1,5596.036,5522.1
883,150289,7864.3,8310.167,8496.7
884,886288,8961.1,7104.0884,6507.9
885,750933,7497.4,8491.048,7011.3
886,961322,7662.6,7522.258,7962.4
887,16685,11674,11624.3,11499.4
888,909403,6336.1,7419.8105,6523.1
889,819560,8726.3,7381.341,7892.6
890,240302,10674.4,10851.87,10822.2
891,101318,11663.5,10197.051,9329.5
892,685841,7626.5,7267.914,7292.1
893,707037,10936.8,11793.09,10615.1
894,338897,9847.5,11204.314,11100.2
895,233697,8835.1,9877.343,8752.7
896,846299,4917.2,5118.722,4868
897,807309,11832.1,8848.815,8727.8
898,269424,5385,5647.336,5781.1
899,758124,7344.9,7068.9546,7570.3
900,769755,6873.3,8021.2793,7885.5
901,103078,4254.5,4733.499,5030.9
902,519980,12735.7,15035.754,13049.4
903,803193,7663.1,7478.2197,8551.2
904,765177,7628.2,7631.213,7868.5
905,267434,12405.5,15838.0205,14271.9
906,228612,9232.6,8624.704,9256.2
907,860139,5143.4,5225.9614,5044.5
908,852353,15138.3,14728.697,14863.2
909,937180,10230.1,8345.92,8877.4
910,938550,12189.6,12450.482,10223.6
911,413627,8375.4,7717.8066,6913.4
912,367298,10267,9587.792,10376.7
913,1016764,10648,11122.077,10651.1
914,983117,8434.2,9112.74,8779.7
915,358430,6206.7,6443.9575,5966.8
916,471023,9985.9,9564.857,8330.8
917,722107,7472.3,6727.028,6081.8
918,583063,7724.8,7911.048,8014.9
919,169373,7155,7267.8657,7346.3
920,489545,8197.6,10452.0205,8666.1
921,519346,8205.3,8780.876,8288.2
922,974911,4481.8,5757.4546,4764
923,174999,4737.6,4909.6274,5041.7
924,385417,8278.2,7606.4185,7519.6
925,676235,10185.3,9891.296,10053
926,154674,9087,8106.7915,8575.1
927,757900,11372.7,11121.218,12072.3
928,231481,9953.7,8407.415,7581
929,358189,8472.1,8331.031,8172.1
930,29688,6170.4,5559.0244,6205.5
931,475051,11319,9946.127,10382.2
932,744909,11722.1,9304.998,9462.6
933,194044,9378.9,8237.526,8310
934,333135,8723.7,9035.006,8269.6
935,648812,8712.5,7931.084,6885.7
936,247677,8545.7,8707.4,8552
937,856242,13345.1,12992.025,10763.1
938,883070,6956.8,7090.009,7431
939,56370,11468,10893.308,9761
940,730612,6402,6290.897,6452.9
941,951665,7936.9,8055.2354,8355.8
942,688897,8099.5,9033.498,8038.8
943,140504,13248.1,11658.819,9162.1
944,207621,6477.7,6394.5464,5335.3
945,980059,4912,5516.645,5378.3
946,827199,9949.6,9211.362,9363
947,978655,9497.8,8498.948,8449.9
948,550524,5613.7,7619.074,6971.5
949,338087,7526.7,8647.472,7769.1
950,671071,9698.3,10036.226,9685.4
951,690609,7483,8095.9194,7453.9
952,239384,7162.6,6953.2075,7005.9
953,523766,8398.8,8861.028,8594.9
954,249565,6161,6602.8135,5915
955,866807,6086.4,4082.418,6907.9
956,547381,13021.2,11470.084,10163.8
957,693114,5437.4,4282.5825,4460
958,603298,7296,11305.572,10330
959,581616,9354.4,8555.922,9054.1
960,7632,9872.1,9637.852,8349.6
961,762324,8819.3,9027.443,8905.4
962,110566,13165.1,16283.725,12710.9
963,398950,11422.1,11066.589,11710.4
964,379079,11060.5,9611.075,9408.7
965,600935,5700.8,5833.2676,5721.6
966,913364,9457.9,9745.446,9148.2
967,398589,9335.6,8325.542,8222.1
968,308394,6129.5,5294.0703,5047
969,681190,2731.7,2678.6875,3056
970,771976,10508,10353.805,10159
971,329051,5066,4823.436,4175.7
972,54991,10414.1,9673.428,9250.6
973,97159,13427.3,13623.783,13511.9
974,845277,9135.6,9013.789,8497.7
975,626537,7949.4,8752.221,8745.6
976,239665,5832.3,5862.675,5702.7
977,673309,12864.8,10846.5205,10534.8
978,246161,7941.5,7808.898,8235.2
979,319503,7420.3,7487.005,8284
980,145964,11614.3,11776.848,10868.5
981,458052,10902.6,9973.076,8957
982,553676,9784.9,10055.647,9484.3
983,153955,8655.9,7133.612,7605.3
984,136100,10538.9,10287.597,10351
985,371391,6674.7,6841.5806,6417.3
986,40230,10906.1,10601.889,10208
987,960549,5819.9,5346.9004,5307.4
988,156696,6952.2,6976.1855,7276.6
989,416894,9376.6,8879.9375,8812.4
990,481881,5512.2,5757.817,6541.1
991,386033,6674.5,7468.426,6177
992,813540,10306.6,9585.223,10086
993,213222,6223.4,6011.33,5916.1
994,131098,11239.9,12859.293,10627.6
995,419247,8473.1,8532.753,8757.8
996,447490,5920.2,6335.2573,6155.3
997,88358,5731.3,5912.357,5745.7
998,393665,10684.2,10635.452,11544.4
999,142310,8128.4,8982.473,8635.1
1000,547248,8050.6,7320.3013,7463.6
1001,902050,9470.9,9558.866,7716.9
1002,551892,8748.3,8740.426,8971.9
1003,956541,8256.2,7794.001,8275.5
1004,853001,11711.2,8207.67,7375.6
1005,229883,10146.3,10076.885,10675.2
1006,317834,10596.3,10261.628,10207.8
1007,87262,7369.7,7480.2954,6994.9
1008,858858,6039.1,5468.008,5835.5
1009,458112,15231.5,13940.528,14358.9
1010,662770,9463.2,9504.384,9892.6
1011,554433,7098,7340.802,7204.7
1012,462288,5038.2,4904.74,5110.1
1013,996167,14946.7,14589.532,15560.4
1014,651038,8883.2,8585.67,9038.5
1015,650329,7291.4,6626.106,7434.7
1016,14238,7254.2,7781.188,6710.1
1017,562896,12406.3,12737.34,12254.5
1018,208547,10597.6,10702.326,10685.5
1019,494976,9516.55,10070.293,9777.1
1020,118512,10411.1,11409.083,10279.7
1021,743890,7747.9,8300.376,8559.7
1022,53615,6516.7,6443.65,6844.7
1023,429583,8411.2,9303.365,7584.8
1024,926565,9406.6,8957.2,8412.7
1025,900779,10722.1,12259.218,11972.5
1026,194865,17318.3,17984.76,16336.5
1027,235258,6960.1,6304.292,7125.8
1028,40122,7135.5,6139.1226,5276.7
1029,85676,4335.8,4926.3604,4208.1
1030,258859,6026.1,6383.0415,6624.8
1031,202481,13672.4,11973.68,13069.4
1032,432319,20928.7,17261.115,18398.7
1033,378647,8741.3,7771.894,6850.4
1034,310225,7747.4,5516.5664,5907.5
1035,936103,5992.5,6039.7563,6447.5
1036,758873,8441.9,9377.512,7989.9
1037,490146,6960.6,6729.813,6485.2
1038,169425,9381.4,9341.839,9310.4
1039,67415,9833.2,10107.32,9980.6
1040,175363,6463.4,6802.4673,6602.6
1041,183467,6726.2,6421.5317,6833.4
1042,812693,9470.7,11673.686,9921
1043,351072,7370.4,7629.226,7294.6
1044,982915,17101.2,16049.474,13638
1045,912533,13386.2,12295.411,12547
1046,821826,7930.2,7762.8335,8011.2
1047,817328,9082.5,9342.899,9011.3
1048,173366,4649.3,4271.29,4312.2
1049,799964,9113.4,8762.103,8858.6
1050,314385,9685.9,9301.058,9434.6
1051,611228,9630.8,9017.435,9763.8
1052,735181,11050.8,10295.616,9958.7
1053,797825,9228.3,8391.032,9554.6
1054,150258,11366.6,12370.351,9300.7
1055,105519,8079.5,6649.608,6577.4
1056,584257,6949.5,7181.612,6972.4
1057,14365,8683.4,8901.535,9071.8
1058,610722,14534.5,15125.792,11158.7
1059,495698,11035.3,9837.292,10308.1
1060,499498,9178,10440.723,9730.2
1061,606254,9160.7,8863.826,9047.8
1062,294835,5936.3,5542.537,4947.1
1063,778901,11796.9,12358.381,11924.7
1064,770118,5819.2,5717.488,6269.7
1065,28610,11435.2,10340.255,10546.5
1066,811666,6958.1,8954.8,7075.6
1067,538997,5297.1,5268.2534,5354
1068,523949,8745.7,7169.423,6793.8
1069,465054,10190.2,11078.078,9356.7
1070,912100,5985.1,6530.36,6244.4
1071,172063,9502.7,9217.778,8815.4
1072,196252,9126.3,9210.932,9260.3
1073,112013,7559.7,6668.3003,7466.5
1074,203094,11354.4,10510.602,11452.7
1075,762633,5889.2,5629.1694,5277.3
1076,971000,4966.3,5317.0054,5393
1077,409770,8884.2,9556.113,8904.8
1078,118226,10331.8,10188.719,10487.6
1079,686515,12547.8,12310.278,12455.4
1080,482385,7572.8,9211.116,7443.8
1081,661109,8045.1,8143.851,7312
1082,112278,6691.3,6763.5264,7191.2
1083,307477,8511.2,8191.9883,8534
1084,342901,8103.6,8387.399,8772.9
1085,654545,8828.6,8493.373,8243.3
1086,413153,9766.2,9434.874,9181.9
1087,151251,6215.7,6380.7524,6326.1
1088,37330,15515.6,17015.4,12466.2
1089,657532,7212.2,7719.191,7324.1
1090,168161,10278.8,9950.577,9862.4
1091,332410,15745.2,16508.242,14741.7
1092,913540,13450.8,11981.391,10785.9
1093,210313,5982.7,5878.684,5868.5
1094,212516,5029.9,4914.894,5080.2
1095,25686,8300.1,7638.7935,8361.7
1096,652675,10456.5,10888.737,11058.2
1097,251840,7546.2,6511.632,7262.9
1098,72179,11499.9,11242.497,10970.1
1099,569382,8246.7,7721.687,7616.5
1100,54472,15340.8,13668.333,12854
1101,138473,7673.5,7478.883,7573.5
1102,720476,8175.4,8088.016,8153.2
1103,446674,6417.3,6492.5176,6336.5
1104,566898,7619.9,8107.797,7632.2
1105,124194,5977.7,6128.6206,5736.9
1106,977097,8762.3,8563.801,8969.6
1107,715308,5664.9,6397.6577,6924
1108,182018,5777.5,5514.5776,5651.9
1109,873296,6943.7,5573.753,5881.3
1110,225022,5045.9,5551.786,5067
1111,244217,8602.2,9560.261,9323.7
1112,729063,8466.7,8235.939,7155.1
1113,321477,23422.1,24239.16,23962.1
1114,447958,8228.5,8034.6484,8189.3
