Id,Sales4,Sales7,Sales8,Sales9
879066,4821.4,4784.5,4726.4,4768.1
37135,5952.4,5934.8,5934.1,5852.2
285919,7924.9,8367.6,9151.8,8673.4
744348,11743.3,11849.3,12248.8,12560.1
556250,4824.1,5261.3,5403.2,4932.2
702857,5412.2,5275.9,5167.7,5269.2
648596,14148.5,14840.7,14207,14456.5
3915,7858.7,7486.2,7628.1,7371.6
939798,8270,8154.5,8037.8,7939.6
460359,6870.2,6602.6,6529.9,6888.1
52386,8930.1,10610.7,10291,10133
80864,8805.3,8864.2,8918.4,8658.8
60534,8336.9,8315.7,8594.5,8324.7
860712,6719,6576.7,6639.1,6316.5
677333,8858.4,8558.2,8510.4,8621
1016282,9727.4,9795.9,9867.5,9967.2
91930,8116.4,8462.2,7832.4,8059
11003,10594.3,10017.2,10002.1,9451.7
635859,8026.4,7989.7,8033.8,8660.3
427792,9547.3,9880.3,10567.5,10242.8
174845,8375.8,7796.7,7878.8,7329.1
429798,5981.4,6341.1,5795.4,5994.4
686822,6765.2,6764.5,6617.2,6842.8
191678,13437.6,13553.8,13776.1,13541.7
398480,12218,12565.7,12277.8,11650.1
987753,7094.9,8038.2,8055.2,8195
1011557,12193.6,12505.9,12009.9,12345.7
422663,5835.2,6225.1,6293.1,6416.6
405989,9224.7,9431.1,8755.5,9031
185599,4440.3,4513.4,4483.8,4810.5
170978,6807.8,7258.3,7353.3,7285.2
645402,5847.8,6293.4,6305.9,6371.6
257677,9891.6,9907.9,10010.3,10195
217035,11144.8,10778.4,10853.7,11019.9
878522,11155.3,10548.6,11220.3,10728.1
683545,11916.8,11816.3,11384.3,11898.8
718723,7784.6,8700.9,8807.9,8621.7
337610,6718.2,7222.3,6488.5,6846.6
874699,7681.8,7904.7,7695.3,7877.3
378685,5316.3,5672.6,5660,5652.9
309197,6223.2,7417.2,6989.5,6991.8
231251,11840.7,12387.3,12063.4,12277.6
701881,7947.7,8121.3,8502,8481.7
123358,6217.1,5917.8,6086.2,5852
298862,6168.9,6233.1,6013.9,6028.7
465184,7539.7,7231.5,7025.9,7018.7
998154,8630.5,8521.8,9005.9,9076.7
321515,3958.3,4019.6,4144.8,3851.7
831238,8763.2,9763.1,9576,10028
331595,5590.8,5467.3,5514.5,5427.6
642322,8403.2,8598.2,8423.5,8773.8
190723,8609.2,8955.1,9285.3,9134
611837,6098.6,6926.3,6539.6,6547.7
744397,11266.7,12130.3,12560.1,11207.5
437649,5764.4,5915.7,6060.2,6049.4
186104,9138.3,9623.5,9344,9674.1
589867,11061.8,11131.6,11195.5,11189.4
532624,7763.1,8549.3,8406,8654.3
910098,6621.1,6968.2,6718.3,6771.2
45135,9068,9414.7,9334.3,9550.5
649178,5971.6,5954.6,6132.4,5971.1
752315,7574.1,7509.8,7557.6,7280.3
127563,10597.7,10645.3,11073.3,10666.2
798838,13329.8,13056.6,13123.8,13238.2
837021,6842.8,6916.2,6199.3,6448.8
880045,7773.4,7984.6,8082.7,8056.8
264710,9597.9,10041.9,9768.4,10132
116415,10478.9,10167.8,10240.3,10294.1
634702,12705.7,11716.5,11629.5,11605.6
450328,7822.8,7424,8222,7932.3
792466,11365.5,11233.9,12529.3,10859.3
614237,4991.7,5052.9,5131.6,5135.9
208161,5323.4,5319.4,5240.8,5286.3
863694,7121.9,6934.6,7078.9,7191.5
366634,8910.9,8433.9,8628.5,8892.4
896862,14118.3,12469.7,13023.9,12813.4
342531,9922.8,9968.1,9824.6,10139.5
620434,5346.7,5907.3,5357.4,5223.5
254534,6493,6822.2,6832.6,7511.3
329705,9174.3,9284.1,9127.7,9468.3
919220,8995.1,8692.3,9461.4,8903
945686,11918.5,11354.3,11826.2,12024.7
917134,3750,3870.7,3774,3805.6
291332,13819.5,14586.8,14307.8,14276.7
193051,7554.4,7200,7178.7,7167.5
696139,5686.4,5881.4,6277.3,6043.6
770312,5844.6,5958,6338.8,6270.6
901382,8595.8,8126.4,8230.1,8044.9
762394,7296.1,7727.1,7354.4,7531.5
32719,10737,13704.7,10983.6,10925.9
725842,5680.9,5661.3,5576.2,5664.2
1002574,8387.4,8182.9,8397.2,8225.5
898419,7326.5,7489.4,8163,7797.9
601226,8409,8324.9,8392.6,8580.1
291050,9009.3,8240,8477.4,8327
608673,6247.1,6081.7,6245.5,6269.9
344789,8639.3,9166.8,8149.9,8503.5
728690,6380.6,6402.5,6540.2,6367.2
553233,5989.5,6083.5,6159.2,6363.3
842536,9332.9,9418.5,9327.2,9676.1
501842,10049.3,11267.5,10977.4,11091.1
530218,11004.1,11416.5,12564.6,11986.9
3900,5260.7,5267.1,4880.3,5130.3
66516,9961.4,9545.7,10351.6,9981.4
785023,5282.4,5328.2,6104.5,5094.6
229534,10765.7,10730.7,10820.7,10744
7972,8267.8,8218.8,8251.1,8340.5
444040,13662.3,13208.7,13597.3,12885.9
784118,8457.2,8369.9,8769.3,8549.6
186544,6597.9,6643.9,7340.6,7193.7
356115,8482.5,8758.9,8587.3,8648
713972,6849.6,6715.3,6721.7,7010.7
426800,8712.3,8143.7,8233.2,8121.9
319229,5722.7,6301.6,5876.2,5878.4
603871,9851.2,9834.6,9952.5,9735.1
96693,7883.5,7921.7,8252.2,7894.9
159498,4151.6,4201.3,4025.6,4022
930086,9790.7,10384.4,10068.2,9583.4
938761,6307.1,6710.5,6525.2,6686.7
768828,9352.5,9903.1,10337.9,10275.7
465084,4898,4905.3,5067.9,5131.9
739991,12923.5,12478.4,12320.4,13984.7
297524,10200.5,10217.8,11193.8,10614.2
338144,7805.9,7232.8,8250.7,7880.9
947660,17261.1,16911.9,17567.7,17938.5
560974,8155.1,8930.6,8959.4,9082.1
777183,7707,8221.3,8659.8,10261.1
106038,9230.4,9234.9,9391.4,9397.5
716753,10027.3,12481.4,12503.1,12120.7
705737,5012.3,5350.5,5186.3,5172
619163,5136.1,5076.6,5117.9,5095.1
249318,9213.9,8884.2,9494.2,9243.3
429290,7977.5,8294.2,7924.4,8071.6
441255,5092.2,4975.2,4863.8,4866.5
769769,7487.4,7793,7856.9,7539.4
765174,7408,7862.6,8715.5,7427.5
901897,9986.8,10299.1,10439.2,10199.9
1007374,9251.3,8669,8701.2,9480
259231,6894.3,6888.1,6875.6,6897.3
533688,8802.6,9780.3,9653.4,9781.5
346936,8062.8,9358.4,9123.5,9400.4
707002,5373.9,5640.2,5881.6,6367.2
673103,8792.6,8328.6,8507,8601.1
107675,8758.5,8800.4,8883.4,8720.9
464562,10294,10665.7,9637.7,11017.8
943485,9360.1,10903.6,9964.4,9450.7
858750,10481.2,10915.2,11055,11179.5
812746,9359.1,9615.5,9462.6,9022.7
589554,7240,7548.9,7428.4,7637.9
371569,11675.7,10852,10501.3,11039.9
963052,10730.5,10449.3,10831.3,10140
611909,6559.4,6689.3,6723.6,6950.9
434050,7599.7,7712.2,8067.9,8030.7
978489,9983.6,9955.1,10208.1,9985.3
264855,7992.2,9481.2,9055.3,9691.5
97503,8355.9,9381.6,9105.9,8745
808037,11427,11108.4,12386.3,11964.6
362229,10647.3,10056.2,10220,10218.5
857340,9326.9,9878.5,9323.7,9378.2
14489,7725.6,7767.9,7647,7949.8
464758,8887.5,9025.3,8883.4,9162.3
324649,9343.1,9825.4,9490.3,10105.8
947849,6949.8,6748.3,7124.2,7111.1
361717,8400.6,9690.8,9155.4,9790.7
663746,4922.6,5219.3,5066.1,5089.1
82575,7550.1,8259.9,8226.8,7982.4
374521,10597.4,14165.3,12555.5,12582.3
846198,10714.6,10512.4,10908.2,10948.9
384193,7360.9,7496.8,7708.3,7855.1
218398,5481.7,5666.4,5871.1,5508.9
796248,8777.7,9022.6,8975.4,9227.5
787249,7449.4,7551.2,7493.3,7505.9
250864,10236.2,10386.8,10146.7,10628.7
645288,6647.8,7029.4,6733.8,6711.3
654987,7085.9,7209,7605.9,7285.5
573253,6717.8,6922.1,6410.6,6928
117120,4254.8,4307.4,4519.6,4490.4
626874,12283,12372.8,12350.4,12892.5
586838,10071.4,10800.1,10630.5,10105.8
1000997,8573.9,9169.2,9846.7,9440.5
454724,8289,8501.9,8815.9,8668.4
457707,6549.5,6750,6344.1,7008.8
596626,6174,6222.6,6718.8,6400.4
296201,7306.6,7721.8,7574.3,7853.3
857529,8259.2,8701.5,8443.6,8611.5
517262,4703.8,4730.7,4564.3,4624.6
440692,7957.5,8055.2,8028.1,8223.7
477285,8786.8,9144.3,9646.5,8874.6
807203,10065.9,10422.4,10448.6,10893.8
945611,9543.6,9829.2,9628.7,9579.2
270697,7837.4,8644.8,8246.9,8724.1
762007,15422.3,16429.9,14398.5,14721.9
298397,6307.1,5939,6142.3,6346.2
276156,6685.5,6621,6512.7,6561.5
108641,11900.5,12774.4,12110.4,12418.6
67970,6289.8,6079.7,6317.1,6927.4
647059,8544.4,9160.2,9272,9887.8
673878,3823.4,3928.5,3835.1,4026
420525,10286.8,10782.2,10462.4,10396.1
754005,9653,9902.5,9660.2,10214.5
429524,6872.1,7217.8,7095,7100.1
800468,7126.8,7584.5,8083.5,8276.1
196081,7771.3,7966.6,7752.6,8197.6
1014844,7296.7,7262.6,7424.2,7672.1
632621,7672.3,7870.2,8104.8,7871.2
146584,10117,9985.9,9978.4,10014.2
191179,13439.6,13747.1,13473.2,13472.8
102967,4377.7,3845.8,3860.9,4157.5
403689,7838.2,8328.5,8753.1,8630.5
736466,4891.5,4742.2,4580.8,4688.6
442419,15564.8,15216,15433.1,15481.7
979556,4959.4,5819.9,6081.6,5814.1
753268,10243.6,10109,10042.9,9995.7
889868,11441.3,11876.7,11559.3,11182.2
13092,10041.3,9301,9372.5,9252.2
337833,9319.3,9467.2,9313.1,9535.3
576842,6301.3,6702.2,6465.7,6917
285792,5844.8,6529,5763.3,6348.4
23263,3588,3532.3,3629.7,3444.6
534485,5918.6,5887.9,6229.8,5774.2
118779,7048.5,7591.9,7826.6,7524.6
466207,6042,6368,6137.9,6153.2
398959,10042.9,11202.9,10954.5,10175.5
845162,8272.7,8488.7,8206.8,8529.8
670308,7752.6,7191.5,7468.1,7624.5
568387,7413.5,7560.4,7813.5,7605.8
64332,6741.1,7420,6963.9,7184.8
65706,9920.1,10588.8,10173,10100.3
711426,12654.4,12214.1,13174,12792
804263,10956.8,12304.1,11927.2,11508.7
909408,8385.8,11753.7,8385.6,9293.8
309227,5654.2,5629.9,5744.6,5724.1
80854,11624.9,11235.7,11509.7,11206.7
508623,12379.2,12842.6,12689.4,12376.5
306162,6534,7107.3,6967,7056.5
491399,10284.6,9941.6,10111.2,10031.2
105483,4845.3,4956.7,5232.2,4849
495741,10371.5,10728.1,10935.5,11178.7
46037,6187.7,6546.1,6305.8,6362.9
898587,5486.1,5441.1,5333.9,5619.6
524487,7591.8,7526.3,7518.4,7610.9
258967,5545.2,5593.7,5911.4,5725.5
391717,8590.2,10288.2,10082.6,10719.2
262966,6213.5,7387.3,7063.6,6815.2
753825,10860,10529.2,11187.2,11291.4
729222,10321.5,10695.7,10640.1,10587.4
190860,11089.7,11804.6,11048.7,11683.5
899236,9771.1,10262.4,10374.3,10202
169180,6853.2,6938.7,6837.2,6680
736390,12341.2,11794.6,10474.2,10845
678464,21545.8,21582.6,22181.4,21452
860295,14508.3,13800.9,14140.3,12945.3
617262,7684.1,8823.3,7425.8,8073.9
259202,3582.9,3738.3,3880.7,3974.9
337050,7928.9,8132.1,8406.3,7980.3
89030,10304.6,11217.4,11922.1,10375.7
487986,7234.4,7092.9,7218,7200.1
59391,7483.8,7303.5,7443.3,7655.6
804555,13132.1,13870.4,13447.8,13485.3
181523,6506.9,6195.8,6281.5,6662.6
358270,14080.6,13812.9,13335.7,13691.7
248175,22551.6,22667.2,21836.9,21573.9
911528,5112.5,4968.5,5115.5,5014.8
556795,7819,8134.8,8141.5,8726.9
9291,6937.8,7217.8,7106.2,7374.2
967750,4177.1,4315.3,4412.5,4500.1
52961,11061.7,10993.3,11205.4,11139.3
132041,6919.2,7030.3,6411.1,7226.2
729366,10368.8,12072,10964.2,11192.2
622800,11187.8,13612.7,12428.6,11522.3
888144,9518.1,9535.5,9734.9,10161.9
244711,8643.7,9124.5,9076.1,8156.3
566828,8498.9,8660.6,9011.9,8735.2
378153,6192.7,6386.1,7563.7,6770.3
718658,7904.6,8461.1,8397.4,8381.8
987043,4830.4,6336.6,4854.6,4941.8
831191,9704.2,10688.5,10264.8,10169.6
321268,9840.6,9737.6,9837.5,9739.8
304817,10418.7,11085.7,10920.9,11278.1
961994,7181.7,7513.7,7789.4,7976.8
768411,7994.1,7202.3,7335.5,7573.1
804835,4345.6,4642.5,4585.5,4435.9
177118,9028.3,9334.1,9733.8,9772.2
453170,6989.4,6708.4,6992.4,7077.3
143873,6513.3,6814.5,6514.5,6577.8
711030,4548.3,4791,4886,4814.3
65897,8758.3,8506.9,9665.6,8574.8
741781,6462.4,6795.6,6745.8,6489
252037,6900.8,7319.9,7438.9,7393.5
192390,8142.5,7310.5,8199.8,7831.2
564137,9984.4,9869.6,9587.5,9950.1
415428,0,112.9,186,190.9
658386,7659.2,7614.6,6873.9,7288
770186,6938,7139.2,7264.7,6969.1
235712,6729,6966.6,7067.9,7169.4
161643,8050.5,7920.9,8074.8,8173.5
822788,8320.5,8421.6,8693.3,8267.4
308335,10408.1,10201.6,10117.7,10460.6
755944,9690.5,9825.6,9311.1,9414.4
672075,9206.9,9557.2,9517.2,9403.8
613775,6306,6733.9,6840.7,6926.4
479542,5069.9,5149.6,4990,5224.3
625803,8423.9,9022.7,9274.9,9279.4
355332,8491.1,8780.8,8459.8,8400.5
903574,6507.8,7005.4,6499.6,7084.2
607869,6039.4,5899.8,5809.6,5920.7
934662,3311.7,3471.3,3356.5,3358.2
869179,10626.4,10639,11025.5,11606.4
985319,8851.1,9751.5,10036.8,9647
577452,11877.2,12591.8,11651.1,12684.4
725065,8223.8,8124.8,7977.7,8417.3
527499,7103.3,7192,7115.8,7074.8
4882,11183,11042.7,10673.1,10932
616116,7196.6,6874,7266,6982.6
971875,6054.8,6065.3,5836.6,5818.9
214208,10835.8,10330.3,10605.6,10691.8
627511,7265.8,7025.6,6980.5,7108.3
815168,8675.3,8406.9,8311.4,9033.4
135216,10414.9,11027.2,10224,10328.2
94175,17661.6,18047,17559.4,18314.6
223546,7311.8,7549.1,7681.5,8006.5
729127,6098.9,5938.1,5937.7,5697
11301,9472.8,9976.5,9970.8,9442.8
166838,7479.9,7896.8,8966.5,8069.9
938716,7669.8,7794.1,7664.8,8046
598140,7077.4,7807.3,7533.6,7618.3
536581,11285.6,11285.7,11097.3,11700.5
478618,5383.1,5287.4,5345.5,5236.1
326671,8566.5,9710.2,9684.1,9346.6
59867,5192.6,5059.3,5182.3,4835.7
101559,6483.2,6420.8,6593.7,6656.9
292746,4146.5,4341.7,4296.1,4229.6
961605,11633.7,12705.4,12808.4,12428.4
796049,5973.2,6401.6,6663.8,6401.1
694223,15021.7,14850.9,16083,15966
451632,14890.2,15790.3,16454.6,16687.3
183381,7228.4,7310.4,6886.2,6946.3
366200,8382.6,8465,8601.9,8421.2
730918,7172.4,7506.5,7358.9,7629
812598,8211.9,7756,8198.2,8400.1
907222,6198.8,7088,6628.1,6711.4
821158,13982.5,13931.5,13824.9,13847.6
522695,9963.8,9623.1,9253,9090.4
318832,11643.3,13117.7,12235.2,11849.1
24817,4892.2,5115.6,5308,4909.3
755692,8426.7,8553.3,8581.1,8619.4
24225,6573.1,6728.1,6995.2,7126.3
977687,10489,10298.7,9928.9,10285.2
172749,8840,8672.4,8775.6,8897.9
612526,8607.3,8276.3,8799.1,8432.4
896891,8838.1,7994.1,8457.5,8373.4
328317,7738.2,9940.4,8873.3,8692.5
416359,7215.1,8179.4,7703.5,7922.1
364282,9907.1,9808.6,9495.5,9841.6
698027,11798.1,12226.7,12545.5,13039
656792,8432,8510.2,8718.7,8579.6
297118,11186.8,10508.1,10666.1,9872.5
806561,12559.3,12576.6,13107.2,12675.2
282500,7267.3,7624.5,7811.7,8013.4
192887,8381.3,8896.2,8211.5,8786.4
207709,8452.2,8818.7,9002.2,9112.9
1012976,10481.7,11185.8,10575.7,10942.1
270884,8334,9614.3,10003,8796.2
293709,6542.8,6763.6,6854.3,6396.6
181915,7453.6,8008,7940.6,7834.4
980294,8659.9,8274.9,8782.6,8817.4
797346,6517.1,6439.8,6544.6,6151.1
94057,15484.5,14132.6,14677.9,16253.8
431841,8144.9,8111.5,7993.6,8247.1
522400,9387.8,9813.6,9786.1,9332.7
838149,7722,7667.5,7423.5,7548.3
175453,10351.6,12653.8,9976.8,10673.1
444199,6252,6819.7,6102.1,6107.3
953744,8519.5,8070.2,8257.9,8313
834671,13457.2,13246,13194.5,13174.8
936868,9695.7,9806.6,10156,10138
157127,12320.8,12099.8,12307.6,12981.9
195962,9787.7,10907.5,10572.1,10213.6
746622,5194.9,5298.4,4829.9,5050.1
860798,17682.7,16464.3,17255.4,16030.8
655675,9776.1,9990.1,9836.2,9914.6
1005899,10339.5,10444.1,10292.8,10525.7
347991,18130.5,19120.5,19047.2,18733.3
818388,11204.3,11807.4,11802.6,11746.4
767265,9094.1,8901.9,8685.9,9313.3
481507,9393.9,9668.9,9751.8,9207.5
4757,12847.4,12964.6,13203.7,12609.2
125548,12234,11968.3,12191.7,11971.3
308420,12355.8,12472.4,12352,11938
351878,15613.9,14814.8,14749,15238.4
990098,8186.8,8801.8,9278,9608.9
608369,7618.3,7520.9,7499.5,7381.6
522723,8338.3,8103.3,7738.8,8400.4
580863,9967.2,10848,10299.7,10408.4
306288,5094.3,5276,5254.9,5107.7
992032,11480.5,12229.5,12075.7,11928.8
867450,8399.7,8563.2,8488.9,8389.2
978200,8180.5,9114.9,8185.5,8847.6
300820,6945.4,7788,7348.8,7267.6
262920,10947,10226.7,10896.1,10911.6
552648,8597.3,8846.7,8809.5,8729.3
97713,7123.9,7158.3,7035,7400.3
129214,8316.5,8268.6,8752.7,8733.5
537855,6286.3,6310.9,6477.4,6256.1
320669,5216.9,4925.9,5001,5157.3
859595,10106.7,10212.1,10042.9,9443.3
367187,5413.1,5757,5936.3,5821
321680,7298.1,7583.7,7977.8,8031.1
53814,6994.7,7702.2,7559.9,8033.4
363849,7532.9,7499.4,7497.5,8176.4
682605,12889.3,12098.3,11814.9,12154.7
144850,11276.6,11683.4,10816.2,10910.3
186434,9771,10110.1,10332.2,9899.4
886430,7882.8,8064.8,7953.5,7986.2
916068,7088.3,7232.8,7131,7056
518710,12163.6,13239,12352.2,13217.5
870977,8304.4,8281.7,8531.3,8551.4
376557,8399.1,8887,8520.2,8396.7
974317,7228.6,7460.8,7336.8,7346.5
851500,6457.9,6422.4,7021.3,6676.5
715999,13498.9,15420.4,13656.4,13944.9
521470,4708.8,4725.5,4701.1,4578.8
495019,12776.9,12518.2,12115.9,12533.8
738301,9158.6,9592.2,10117,10293.6
359536,4378.1,4614.4,4527.8,4671
303674,5279.6,5434.4,5645.6,5673.2
693411,9207.4,9347.9,9127.3,9023
535592,8268.2,8329.6,8562.9,8388.1
209301,6660,6655.5,6696,7407.3
224128,11695.7,11341.4,11750.1,11519.7
554480,11489.7,13264.7,11972.3,12563.1
2325,13562.6,13901.6,13791.2,13824.5
870233,8925.6,9712.9,9910.6,9092.7
692563,11544.6,11357.3,10656.1,10637.9
906789,3587.4,3453.3,3289.6,3253.1
617746,8267.9,7229.7,6991.5,7128.5
54398,10315.8,10211.3,9959.5,9948.3
836194,6252.3,6481,6667.1,7079.9
245075,7855.2,8175.5,8257.3,8093.2
251747,10009.2,10350.5,9188.9,9295.7
814500,8375.9,8361.3,8424.8,8277.1
878848,7040.3,6690.5,6826.7,8379.1
482088,6149.9,6183.7,6094.5,6431
303019,14279,14783.8,14645.8,14627.3
29412,12213.1,11327.2,11680.9,10546.6
133148,6944.5,7178.7,7014.9,7464.1
61663,5737,5607.5,5829,5755.1
258585,9674.1,9907.9,9702.5,9381.6
22829,11650.3,11939.2,12053.1,11980.2
743377,9955.7,10137.3,10270.5,10064.3
753831,6427.1,6670.5,6540.8,6441.2
916762,7920.6,7783.5,8029.9,8046.1
684736,15932.2,14465.9,13022.1,14027.9
497953,7867,7798.2,7863.8,8165.9
267679,9806.3,9917.4,9607.9,9831.8
949287,6780.8,6767.5,6705.9,6888.3
534539,6752.7,7405.9,7249,7094.6
756467,8919.6,8930.9,8323.8,8564
172910,13678.9,12383,12662,12855.9
157591,6373.6,6263.6,6098.4,5952.2
644325,6386.9,6866.7,7480.3,6985.7
128947,5029,5233.7,5408.2,5445.9
1003869,5613.9,6180.4,5623.6,5917.8
14952,10275.2,10599.3,10380.2,10629.6
265973,9230.4,9707.8,9735.9,9439
37062,9774.1,10669.1,10417,10660.7
68422,16203.3,15143,16035.8,14836.6
855143,7661.8,7142.3,7844,7488.8
671536,15913.6,17171.7,16846.9,17196.9
146475,14365.7,14142.9,13825.2,14695.2
518974,8806.6,10401.8,9784.3,9319.7
720099,6340.4,6034.6,7186.5,6496.8
179495,3944.3,3869.8,3742.3,3936.6
921810,8788.2,9736.3,9991.1,9453.2
71312,7724.9,7161.5,7952.4,7235.6
989461,7922.8,7668.8,7547,7758.4
114214,7823.6,8289.1,8689.3,7660.7
656445,9956.5,9776.6,9202.4,9636
693187,15656.2,16059.8,14934.3,15585.6
124153,6060.5,6104.6,6225,6302.8
844245,7433,8108.1,7758.7,8025.6
280806,9342.3,9804.8,10208.7,9740.3
62456,5883,5649.7,5817.4,5574.9
407008,9123.9,9745.2,9330.7,9802.8
829504,6839.6,6679.3,7218.1,7548.7
135255,5934.6,5731.9,6233.2,6640.8
368517,10429.7,10780.6,10462.6,9765
403964,3916.2,4017,4138.4,3927.2
906155,8607.5,9267.2,9105.2,9239.6
797134,9055.5,10279.8,9993.9,10420.4
843008,9316.4,8604.2,8965.5,8045.1
227606,10360.6,10277.7,10534.6,10239
935423,10271.9,10438,10740.7,10964
893778,9352.1,9062.2,8600.3,9324.2
896153,6596.1,6960.5,7060.1,6769.6
302680,9682.2,10542.4,10450.9,10508.9
527048,9940.6,11093.9,10996.4,10946
136807,7268.4,7358.5,7998.3,7788.8
436444,8098.2,7574.4,7303,7460
42597,7103.9,7860.5,7419.5,7537.6
919288,6572.3,6638.6,6731.3,6681.1
752825,14106.3,15502.1,14581.1,13611.7
495734,9171.4,9265.4,9134.5,9397.6
316661,8653.1,10237.1,9981.7,9462.3
111217,6306.1,7114.3,7148,6851.1
523946,9736.6,10232.9,10759.7,10574.7
288620,9457.1,10366.1,10615.6,9838.1
4872,10720.9,10512.7,10274.6,10580.4
253885,7240,7511.1,7176.7,7503.9
516495,9673.8,10035.1,10590.4,10350.6
521712,6135,6081.9,6358.7,6228.2
354626,7816.8,8482.9,8269.8,8579.3
533554,20998.3,21230.6,21079.1,20679.9
531423,6956.3,7528.8,7503.3,7576.8
215171,10990.8,11369.9,12202.2,11451.8
885166,6653.6,6955.4,7126.7,6959.1
358427,6051.7,7602.1,7590.6,6952.4
748215,7407.4,7634.4,7348.5,7164.9
181312,6912.5,7563.1,8323.5,8128.6
685259,5278.7,5344.3,5083,5416.7
331925,7212.2,7822.7,7733.6,7364.4
93693,10507,10453.7,10395.9,10145.8
25167,14470.3,14869.6,14808,14572.2
817902,10044.4,10973.9,10865.6,11169.7
317598,10478.6,10040.1,10516.8,10051.6
541392,11072.1,11284.6,11324.6,11335.9
434447,13064.7,13114.8,12907.4,12885.8
76139,14354.6,15381.8,15253.8,15744.8
663175,10050,10060.3,10255.7,10206.4
105155,10800.4,8373.5,8838.5,8591
522703,5250.5,5164.8,5281.6,5056
912853,10596.3,11297.1,11184.4,10967.1
22696,14191.7,14592.7,14378.7,14203.6
81545,9850.5,11352.2,11275,10708.2
741612,9058.3,8512.6,9130.1,8384.6
315970,13273.7,13231.2,13003.6,13167.4
139729,7453.4,7672,8046.8,7405.5
420000,4009.5,3789.6,3739.4,3888.6
643251,12786.4,13070.7,12989.4,12834
699411,7522.9,7809.4,7728.6,7691
934620,8148.6,8324.1,8369,8069.3
113959,6834.8,7199.9,7704.8,7303.4
339916,3278.3,3480.2,3406.4,3296.3
545719,16800.4,16879.7,17371.5,17307.8
564936,14472.2,13929.4,13967.8,14149.6
367438,13358.3,14062.2,13596.2,13906.4
175109,6812.2,6946.8,6783,7242.5
761333,4680.1,4923.6,4829.6,5474
421808,6477.4,5689.6,5795.5,5879.5
804228,6450.4,6432.9,6232.9,6508.7
435152,10398.3,11513.2,10698.7,11245.1
675006,9172.8,9529.1,10317,9512.7
778402,9274.6,9831,9363.7,9518.7
67763,5438.9,5499.1,5334.5,5552.3
755866,5863.5,6117.8,6134.1,6334.1
566035,7769.4,8719.3,8892.3,9130.9
918630,5773,5442.6,5391.5,5407.4
103158,4366.7,4333.2,4137.6,4361.7
542325,9811.5,11978.9,10883.9,12775.8
336951,17417.2,17603.8,17741.7,17767.3
96213,8676.3,8416,8716.8,8475.5
878189,19214.1,18768.6,19175.9,19219.5
635926,5964.1,5583.6,5599.7,6131.3
185988,6680.4,6410,6605.3,6242.7
590716,8038.2,8215.2,8723.8,8288.3
488178,6978,7507.2,7043,7528.3
400178,7780.3,8700.4,8501.2,7824.5
572940,5784.2,6093.3,6315.5,6393.1
527828,4766.4,4399.7,4367,4217.4
788402,6279.1,6282.8,6001,6280.4
283865,10268.4,10157.2,10953.6,10617.6
916804,8081.4,8714,8412.5,9183.5
64780,4963.5,5285.8,5546.3,5280.3
465480,10554.8,9912.3,10348.1,10240.4
293354,7242.7,7325.3,7157.2,7251.6
330648,9026.9,8679.6,9117,9160.4
285054,6901.5,6905.2,6949.1,6237.7
241833,13489.4,13998.2,13234,13835.4
52762,9532.4,9996.2,10667.4,9765.6
417959,11306.1,11666,11146.8,11297.6
614447,6087.6,6277.6,6736.6,6309.7
346417,7625.1,7895.8,7796.2,7580.8
631779,5205.4,5317.5,5631,5367.7
251346,5599.6,5999.9,6235.9,6309.7
985650,7844.2,7142.4,7168.9,7363.1
529108,17630.4,16845.3,18306.1,16996.3
953786,12018.6,11226.8,10811.2,11247.8
213912,8701.5,8119,8399.2,8133
370841,7491.4,7174.1,7044,6862.3
354063,6887.2,7488.3,7600.5,7161.8
474685,7501.6,7604.5,7823.4,7833.7
14081,5420.5,4961,5225.4,5007.8
113610,10977.6,11141.2,11373,11885.7
109038,4883.7,4888.7,5049.4,5079.9
308102,16689.1,16975.2,17357.9,17359.5
217420,6624.9,6361.6,6711.8,6477.2
666721,6339,6545,6779.4,6558.7
105442,6160.4,6731,7233.4,6724.1
172860,11277,11615.5,11094.1,11334.6
171014,11704.9,12160.2,12422.2,11828
638608,6054.9,5977.4,5976.5,5888.9
91822,7355.2,7333.5,7218.4,7407.8
572249,9133.3,11472.9,11706.2,9756.8
647292,8511.5,8563.5,8605.8,8224.5
89571,10066.1,10787.1,11003.6,9743.2
643356,6402.2,6980.7,6808.9,6767
429702,6150.4,6149.8,5982.7,6119.2
97682,11787.5,12730,12488,12542.5
15699,5630.4,6106.4,5875.1,5969.2
916226,4418.8,4396.8,4270.3,4475.3
322796,6441,6374.9,6369.4,6264
863858,7568.9,7955.8,8274.8,8193.6
990577,6960.4,6825.2,7144.5,6626.2
84745,7557.3,7752.7,7506.3,7832.3
697780,9750.7,9569.7,9532.6,9501.3
381012,9866.2,10884.6,10791.4,10664.5
527786,8433.9,9875.9,9270.8,9465.5
740615,8993.7,8898.3,8550.7,8520.9
747271,6962.6,7453.7,7108.5,6988.4
818618,11118,11186.2,11483.7,12460.2
87851,6213.8,6645.4,6827.3,6630
183747,5986.3,5996.5,5725.3,5595.7
544038,9593.3,9987.5,10456.9,10044
970308,7548.1,7885,7885.1,8053.9
283059,7454.3,7339.3,7774.7,7813.2
635240,10946,11180.3,11037.4,11285.9
49849,8335,7809.7,8316.5,8207.2
896099,11084.1,10920.5,11071.9,10996.9
798170,6448.5,6683.3,7009.7,7068.3
519994,7037.3,7135.6,6927.5,6848
335682,7188.1,7098.9,8394.8,7146.4
77064,9004.8,9245,10013.8,9865.9
423296,7554.3,7665.3,7265.8,7514.1
372630,8409.8,8336.2,8284.3,8483.8
565736,8372.1,8002.2,8096.7,8287.9
691750,10201.1,9353.2,9716.4,10533.4
765563,12022.4,12323.3,12263,11801.3
18001,7915.7,7781,7976.6,7855.3
165992,5129.4,4956.5,5509.9,5192.7
932931,13699.5,12799.7,13915.2,13439.9
84076,6308.9,6351.7,6461,6069.8
198927,3553.2,3484.3,3532,3337.6
781989,11030.4,11345.1,10912.6,10474.2
622594,10941.6,12002.2,11688.1,11923.6
236373,14805.2,15179.5,14430.2,15430.6
479384,6465.5,6902.6,6416.8,6687.2
498061,9328.7,8966.8,9517.3,8877.4
522999,7443.3,7451.7,7251.7,7334.3
280432,5106,5172.3,5495.8,5179
967722,7915.4,7893.9,7894.9,8314.4
380483,8482.8,8238.6,8192.9,8823.3
407520,9772.3,9348.8,9245.2,9393.1
556142,7687,8251.3,8547.9,8533.8
487423,7772.5,7505,7816.3,7230.4
790158,11595.8,11752,11301,11684.6
986674,4458.8,4982.9,5004.9,4874.6
306176,7987.8,7716.5,7728.5,7591.2
933009,7325.8,7107,7426.2,7528.8
913321,5879.4,6179.3,6242.4,6082.6
881764,6542.9,7245.2,6874.7,6499.9
222471,6982.9,7381.5,7124.1,7468.8
941263,10050.6,10467.4,10152.8,11425.1
70877,8239.1,8299.4,8445.8,8166.8
141731,9245.6,8412.6,8057.7,8553.5
992628,9052.1,8682.5,9097.7,9315
485557,8579.7,8918.4,9172.5,9321.1
293552,11666,11619.1,10915.6,12058.6
79985,11283.2,10682.8,10487.9,10956.7
214983,5711.6,6465.1,6391.5,6301.8
608124,9759.4,9692.5,9725.9,9762.3
629843,8877.4,8210.8,8970.4,8775.6
255031,9242.4,9560,9808.7,11182.5
528522,11085.5,11273.4,11281,10959.8
509491,12021.7,12336.7,12260.6,12534.5
57216,4449.5,4530.9,4385.6,4503.2
821099,9379.4,9732.8,9576.8,9286.5
632161,9392.9,9780.6,9586.4,9613.7
476489,10414.4,10215.5,10385.2,10341.8
855995,11695.6,11910.1,12754.4,12269.3
828449,6325.8,6357.8,6188.9,6431
485194,4597.1,4571.5,4691.6,4484.3
533597,13260.4,13412.6,13534.5,13305.5
455039,10103.5,10558,10347.1,10993.8
373530,11179.5,9851.4,10368.9,9723.7
847495,7319.4,7778,7571.5,7255.1
411271,7056.6,7144.9,6833.1,7243.2
48617,10304.2,10400.1,10562.8,10350.5
247957,4996,5479.9,5091.1,4878.4
962257,8077.7,8524.6,8334.1,8242.7
17617,6322.2,6940.8,6978.5,6636
668483,9959.4,9623.5,9677,9564.2
546239,6763.3,7197.2,7063.2,7061.6
174241,8022.6,7491.8,7555.1,7152.1
87933,10461.9,10410.5,10564.3,10193.2
969595,6826.6,6550.4,6439.8,6292.2
34469,12701.7,10461.1,11129.8,11327.5
997362,13896.3,13925.8,13611,14184
668748,16094.8,16057.9,16379.3,15925.1
560107,10419.9,10757.5,11662.4,12410
368683,5461.5,5843.5,5876.2,5507.8
804222,7459.2,8021.5,8130.4,7605.6
403175,6081.5,6419.9,6403.2,6678.7
457826,3244.4,3383.7,3251.6,3287.2
164369,12131.6,12720.1,12187.4,12291
180460,11564.5,11617.4,11808.7,12018.5
271086,7671.1,7527.3,7730,7692.1
957698,13309.2,14157.7,13589.4,13874.2
295570,6898.6,6982.1,7089.9,6888.2
979932,9754.8,10458.5,11129.9,10435.8
547583,6231.7,6708.2,7064,6512.9
863892,8063.8,8022,8056.2,7716.5
507804,7577,7653.3,7690.7,7862.7
246770,11171.9,11371.3,11391.3,11548
140749,7973.4,8161.6,7901.3,8603
935622,8777.2,8860.9,9246.1,8828.8
299585,6968.1,6985.5,7358.1,7696.7
501062,7513.7,7436.6,7469.2,7509.9
190155,8773.2,8986.7,9360.3,8936.7
408991,6930.4,6907.4,7339,6891.9
747592,10085.8,9998.9,10342.9,10251.3
77109,9191.8,9449.3,9410.7,9256.5
451619,9111.9,9142.5,9034.1,9405.2
629026,11061.6,11967.2,11031.2,10620.4
718248,7918.4,7819.1,8299.6,8107.8
212575,7076.1,7227.2,7134,6893.3
436866,12635.4,12742.7,13219,12681
73202,5693.9,5791.9,6027.8,5713.5
650097,7185.4,7104.3,7122.3,7397.6
973157,13947.6,13947.1,12791.4,13654.7
917929,8450.7,8460.4,8611.3,8813.4
522920,10189.2,10363.3,10473.3,10693.2
472409,9745,12112.7,11837.9,11206.2
581962,16250.8,16457.2,16077.2,16897.5
672883,6678.6,6296.1,6731.8,6253.6
702665,6300.5,6439.5,5940.3,6174.6
874339,6327,5833.9,5662,6209
352452,10098.4,10757.5,10428.9,11138.8
517828,10083,9980.8,9837.7,9993.8
306466,12317.5,12742.7,13262.3,12657.1
969609,9238,9869.3,10189.1,9037.4
270108,10844,11145.9,11250.5,10727.7
727316,10752.9,11975.9,11041.2,12327.8
534821,4980.5,4976.9,4733,5049.6
56431,8545.6,9485.8,8768.5,8953.6
185646,8124.7,8913.3,8563.5,8637.8
359591,8759.8,8583.4,8857.6,8855
289641,9850.4,9884.7,10108.6,9309.9
723953,7121.3,7311.7,7018.9,6815.3
23556,5840.1,6444.7,6471.5,6294.4
457779,6688.1,7057.4,6687.5,6996
184882,4000,4106.1,3950.9,3923.3
449567,7845.4,7303.6,7316,6848.2
484121,9071.9,9096.4,8810.2,8933.3
883782,8070.6,7882.3,7926.8,7993.5
124038,12723.8,12189.5,11916.3,12394.7
911321,22257.8,22000.6,22724.1,22482.7
818742,9049,9288.9,8757,8862.1
636202,5876.6,7173.8,6130.9,6494.4
899530,9118.6,10157.4,10372.6,10285
830017,8229,7641,8145.8,7697.7
3864,11570.8,11954,12659.2,12454.2
798619,6551.8,6201.8,6435.2,6515.9
864753,7245.3,7372.4,7688.8,7177.3
280087,5883.7,6018.5,6147.8,5761.6
465395,11868.6,11890.2,11819,10969.6
202290,7742.3,7908.1,8009,7810.5
507695,8064.7,9153.5,8238.4,8547.6
907175,18944.8,19359.2,19154.5,18949.1
302613,13769.1,13494.9,14162.7,13562
26947,5691.9,6115.7,5561.8,5842.1
945105,8667.9,8961.7,9061.9,9184.1
227632,5548.4,5337.5,5720.5,5305.6
871727,6372.1,6701.4,6079.5,6765.2
637336,6229.2,6642.7,6464.8,6358.8
335175,9844.2,9972.7,10225.6,9827.8
862975,5548.4,5760.9,6016,6085
44484,6043,6047.2,5990.2,5937.5
623575,6116.7,6179.1,6288.4,6259.8
495180,8794,8118.1,8228,7997.7
216736,7279.9,7288.2,7440,7185.7
197739,5108.8,5241,5523.3,5129
612620,7457.4,7829.1,7335.2,7784.2
502189,8311.4,8554.3,8503.2,9019.4
253758,9176.3,9334.3,9685.4,8812.7
488655,9754.6,11334.7,10104.3,10329.1
57663,3501.2,3575.1,3871.4,3843.8
587515,12939.6,14049.3,13392.2,14225.8
495353,18968.1,19337.7,19262.3,19458.3
476945,4436.3,4367.6,4438.5,4234.2
463924,8483.1,9402.7,9069.4,9339.3
979123,10150.4,11506.5,11380.5,11985.1
774638,10705.7,10606,10567.3,10554.4
954895,6645.8,6641.5,7005.3,7334.5
855706,3731.2,3876.9,3938.1,3856.5
915795,5568.2,5151.2,5428.6,5352
333921,8195.4,9061.7,9190.8,8822.8
638404,5647.8,5822.6,5801.6,5556.5
745034,8222,8892.1,9472.3,9253.2
529667,11924.1,12121.8,13355.4,12296.5
388099,5390.2,5286.9,5486.9,5465.1
56392,7689.3,7706.2,7355.1,7472.5
259271,10485.1,10866.2,9832.5,9815.9
416594,5590.8,5905.5,5660.2,5900.7
423884,6503.8,6177.1,6486.9,6061.8
28572,6720.1,7714.7,7437.7,7524.3
801751,9757.2,9346.3,9796.9,9525.9
550054,11104.3,11370.8,11153.2,11476.7
985391,10287.4,11066.7,11245.4,10635.4
190160,10674.3,10636.8,11634.8,10648.3
166994,7148,7271.6,7407.1,7385.4
675810,4707.4,5322,5182.8,5155.4
143489,7296.2,7542.4,7409.2,7498.5
713708,7573.4,8334.4,8627.5,8282
418156,11426.2,11472.9,11958.6,11384
958811,8026.1,8163.4,8826.7,8018.1
512260,6757,7111.8,7151,6876.2
950515,20755.1,21026.6,20999.6,21226
449339,6456.1,6683.4,6472.5,6391.3
639833,5643.7,6232,5853.3,5822.2
892192,14195.7,15042.2,12900.9,14615.3
375448,11302.3,11037.3,10148.4,10631
870403,9820.6,10279.1,10218.1,10018.9
139267,7110.6,7568.8,7105.7,7091.7
561275,8387.1,8955.9,9271.6,9861
75801,5265.3,5272,5121.7,5330
632055,10158,11176.9,10912.7,10876.6
580876,16262.9,15544.9,15970,16515.2
995435,8793.8,8419.7,8307.3,8487.1
524285,7506.2,7309.7,7438.9,7472.9
340939,7235.7,7921.9,7780,8046.2
89889,14696.3,14685.3,14555.6,14126.8
132855,8774.8,10168.3,9914.3,9222.3
747447,6630.7,6708.5,6554.3,6659.3
845818,7940,7629,8129.9,7951.5
462231,7519,8138.8,7551.1,7585.9
576417,6768.5,6794.4,6810.8,7435.8
656971,5054.6,5505.9,5061.5,5192.6
771526,9621.4,12838.2,11663.8,10546.9
312497,5153.1,5023.4,4797.4,4946.2
1011442,8158.6,7803.7,7762.5,8025.4
911462,3604.5,3912.9,3905,3854.8
488825,24319.6,24543.5,24406.6,23504.9
823356,11382.3,10914,10789.9,11212.8
525647,6000.5,5790.7,6085.2,5920.5
794857,5285.7,5301.2,5279.9,5368.1
798322,12515.9,12999.1,12214,12025.1
32844,10050.9,10115.8,10434.2,10189.7
68203,10036.5,9841.2,10352.7,9951.3
624797,11152.9,11080.9,11477,11731.9
441578,7496.6,8202.3,7606.2,7365.9
327652,5803,6396,6034.7,6744.7
277811,5458.4,5383.9,5492.3,5385.2
486536,13212.3,13373.1,13094,12860.1
214467,5547.8,6367.2,7032.5,6043.5
771160,9934.3,9235.6,8331.7,8638.2
442817,8352.6,8919.9,9757.8,9598.9
135141,8591.8,9678,9568.9,9109.4
403295,5640.4,5938.6,6039.5,5841.4
385072,9112.3,9401.4,9735.1,9422.7
282833,9582.6,9321.1,9253.8,8870.7
57088,4795.3,5026.8,4843.9,5169.8
828285,10500.5,11310.7,11815,10336.2
82975,13357.6,15773,16572.7,14721.1
489983,5939.2,7420.1,6369.5,6309.2
673273,8353.8,9385.4,9226.4,8640.4
1008189,8561.5,8528.2,9316.5,8643
509662,5865.5,6526.5,5850.2,6362.3
433199,10267.5,10692.8,10437.1,10460.9
799531,7283.8,7398.1,7291.4,7394.1
938428,7229.9,7465.4,7103.1,7175.9
20906,8298.9,8278.1,8469.3,8164.5
603213,9153.1,9230.1,9745,8845.6
718780,4011,4077.1,3850,3852.8
31313,6202.4,5877.8,6132.7,5662.2
157942,5747,5981,5661.7,5754.1
93559,0,128.1,172.4,249.3
1004412,8915.8,7830,8091,8045.7
956999,10929.7,11167.7,11307.1,11444.8
125025,5433.3,5801.1,6134.4,5639
501617,9763.5,10180,9631.8,9557.3
709860,6501.3,6370,6388.5,6884.5
51435,5956,6980.4,6996.7,6994.1
498715,5522.1,5680.9,5571.3,5613
150289,8496.7,7440.6,7336.9,7386.9
886288,6507.9,6669.4,6717,6765.2
750933,7011.3,7450.6,7086.3,6871.5
961322,7962.4,8122.8,7697.6,7869.8
16685,11499.4,12295,12361.6,12920.2
909403,6523.1,5896.9,5911.2,6153.4
819560,7892.6,9232.7,9121.7,7585.2
240302,10822.2,11081,11272.3,10961.8
101318,9329.5,9223.1,10192.3,10118
685841,7292.1,7614,7451,7524.2
707037,10615.1,10912.2,11010,11276.4
338897,11100.2,12129.2,12079,11676.2
233697,8752.7,8930.2,8620.8,8799.5
846299,4868,5471.9,5392.9,5700.8
807309,8727.8,9100.8,9033.5,8849.2
269424,5781.1,5752.5,5754.9,5765.2
758124,7570.3,7510.1,7616.4,7506.6
769755,7885.5,8121.7,8457.1,8134.7
103078,5030.9,4739,4291.4,5337.8
519980,13049.4,13072.1,13450.1,13804.6
803193,8551.2,8050.2,7722.7,7923.3
765177,7868.5,10127,9471.3,8897.4
267434,14271.9,13151.8,13799.6,13598.6
228612,9256.2,8640.9,8852.3,8924.3
860139,5044.5,5098,5058.6,4869.6
852353,14863.2,14970.7,15276.3,14127.2
937180,8877.4,9353.5,9337.1,8797
938550,10223.6,12389.1,12566.3,12388.1
413627,6913.4,6918.8,6794.1,7425.6
367298,10376.7,11516.6,10401.1,11386.5
1016764,10651.1,11045.1,10481.8,10785.9
983117,8779.7,8332.1,8458,8623.3
358430,5966.8,6030.3,5886,6146.4
471023,8330.8,8556.9,8831.5,8095.3
722107,6081.8,6477.2,6133.5,6367.3
583063,8014.9,7822.1,7762.3,7805.8
169373,7346.3,6979.7,7216.6,6901.2
489545,8666.1,8620.4,8608.5,8778.4
519346,8288.2,8207.4,8527.7,8417.1
974911,4764,5044.3,5025.5,5175.4
174999,5041.7,4861.5,4805.7,4710.4
385417,7519.6,8342.2,8432.3,8836.1
676235,10053,10315.3,9689.3,9952.3
154674,8575.1,8663.8,8422.1,9053.1
757900,12072.3,11688.1,11309.6,11217.6
231481,7581,7861,7557.3,8246.7
358189,8172.1,8332,8745.1,8948.9
29688,6205.5,6234.1,6147.7,6007
475051,10382.2,10204.6,11064.3,10878.6
744909,9462.6,9772.5,9475.9,9460
194044,8310,9430.1,9183.2,9179.1
333135,8269.6,8291.2,9094.6,8624.1
648812,6885.7,7171.6,7111.4,7122.3
247677,8552,8766,8502.4,8508.5
856242,10763.1,12356.8,12300.8,11515.5
883070,7431,7783.7,7572.1,7286.3
56370,9761,10970.9,10320.5,9574.9
730612,6452.9,6473.3,6322.5,6466.3
951665,8355.8,8109.1,7877.4,8277.3
688897,8038.8,8189.2,8034.4,8029.2
140504,9162.1,9239.4,10109.2,9272.9
207621,5335.3,5838.2,5072.7,5364.7
980059,5378.3,4998.2,5235,5176.3
827199,9363,10658.6,10581.1,10768.5
978655,8449.9,8522.2,8694.9,8591.3
550524,6971.5,7204.6,7490.8,7345.8
338087,7769.1,7979.6,7773.5,7630.9
671071,9685.4,9707.8,9544,9577.4
690609,7453.9,7511,7542.2,7697.2
239384,7005.9,7232.5,7414.7,7857.7
523766,8594.9,8153.1,8533.3,9112.6
249565,5915,6170,6141.5,5946.6
866807,6907.9,6075.3,4628.2,6145.4
547381,10163.8,10925.5,10865.8,11524.6
693114,4460,4186.4,4162.3,4381.2
603298,10330,9922.3,10173.8,9933.8
581616,9054.1,10112.3,9732.9,9702.1
7632,8349.6,8125.3,8029.5,8307.4
762324,8905.4,10225.6,9637.7,9160.3
110566,12710.9,12131.9,12371.8,12335.2
398950,11710.4,12680.8,12256.3,12201.2
379079,9408.7,11534.3,11434.3,11334.1
600935,5721.6,5554.8,5830.9,5809.2
913364,9148.2,9630.8,10371.3,9973.2
398589,8222.1,8121.8,8341.7,8273.1
308394,5047,5199.5,5440.6,5102.4
681190,3056,2610.7,2715.7,2559.3
771976,10159,10305.9,10476.5,10333.7
329051,4175.7,4466.8,4575.5,4270.6
54991,9250.6,9827.7,9887.1,9417.8
97159,13511.9,13264.3,13914.3,14443.9
845277,8497.7,9493.8,9183.8,8923.8
626537,8745.6,8710.4,8939.1,9082.6
239665,5702.7,5763.4,5652.3,5768.4
673309,10534.8,12048.5,10556,11047.6
246161,8235.2,8010.5,7788.7,7580.6
319503,8284,8509.5,8739.5,8748
145964,10868.5,9993.7,10938.7,10176.9
458052,8957,9627.5,9382.7,9248.3
553676,9484.3,9706.1,9867,9575
153955,7605.3,7998.4,7799.5,7642.4
136100,10351,10097.4,9779,10901.3
371391,6417.3,6649.9,7299.3,6608.3
40230,10208,10376.2,10616.8,11061.2
960549,5307.4,4967.8,4882.6,4769.9
156696,7276.6,7342.3,7816.8,7627.6
416894,8812.4,8884.4,8516.8,8410
481881,6541.1,6280.6,6446.7,6207.3
386033,6177,6531.4,6442.6,6292.8
813540,10086,10183.4,10074.5,10372.5
213222,5916.1,5751.1,6338.9,6183.8
131098,10627.6,10843.4,10336.5,11006.6
419247,8757.8,8616.2,8572.1,8872.4
447490,6155.3,6484.6,6424.5,6311
88358,5745.7,5357,5700.7,5601.4
393665,11544.4,11150.7,10936.2,11132.2
142310,8635.1,8009.7,8395.9,8301.3
547248,7463.6,8375.6,7702,7942.1
902050,7716.9,8489.2,8039.5,7953
551892,8971.9,8547.6,8908.7,8223.8
956541,8275.5,7966.1,8091.5,8236.3
853001,7375.6,7336.3,8273.9,8168.3
229883,10675.2,10287,10563.4,10697.8
317834,10207.8,11337.3,11446.4,11932.1
87262,6994.9,7150.7,6986.7,7328.2
858858,5835.5,5832.7,6017.5,5828.5
458112,14358.9,14825.9,15374.5,14051.7
662770,9892.6,10233.6,9506.5,10916.8
554433,7204.7,7917.4,8001.2,7985.1
462288,5110.1,5127.2,5141.1,4983.1
996167,15560.4,14764.4,15043.9,14287.6
651038,9038.5,8938,8750.5,8187.7
650329,7434.7,7232.7,7404.9,7011.6
14238,6710.1,6790.8,6829.7,6776.2
562896,12254.5,12668.9,12420.6,12197.8
208547,10685.5,10793.5,11150.7,11110.1
494976,9777.1,10461,10014.7,10490.5
118512,10279.7,10694.7,11257.5,10895.8
743890,8559.7,8694.2,8818.9,8852.8
53615,6844.7,6563.3,6545.9,6499.5
429583,7584.8,7920,8005.5,7850.8
926565,8412.7,9028.2,8784.2,9146.4
900779,11972.5,12204.5,11642.3,12392.4
194865,16336.5,17370.5,18378.8,17698.3
235258,7125.8,6983.7,7114.4,7032.2
40122,5276.7,5362,5546.9,5193.3
85676,4208.1,4735.2,4626,4463.9
258859,6624.8,6369.3,6549.3,6322.2
202481,13069.4,13278.9,13148.4,12791.1
432319,18398.7,19419.7,18757.6,19056
378647,6850.4,7157.8,7494.9,7528.6
310225,5907.5,5554.5,5826.7,5531.6
936103,6447.5,5821.5,6083.5,6115
758873,7989.9,8267,8111.7,8031.3
490146,6485.2,6696.3,6682.9,6664.7
169425,9310.4,10123.6,9460.5,9199.5
67415,9980.6,9817.4,10153,10181.1
175363,6602.6,6752.9,6097,6532.5
183467,6833.4,6731.2,7077.4,7040.9
812693,9921,10440.1,9905.5,11270.9
351072,7294.6,7810.5,7711.8,8141.9
982915,13638,12734.4,12599.6,13544.4
912533,12547,11995.1,12014.2,11888.5
821826,8011.2,8502.1,8294.4,8710.9
817328,9011.3,9584.5,9373.6,9565.6
173366,4312.2,5075.3,4715.1,4615
799964,8858.6,9443.8,9484.1,9294.6
314385,9434.6,10084.5,10191.5,10219.1
611228,9763.8,10152.9,9562.2,9658.3
735181,9958.7,10616.6,10721.2,10199.9
797825,9554.6,8841.5,9194,8377.5
150258,9300.7,9610,10128.3,10012.3
105519,6577.4,8324.9,7636.9,8343.4
584257,6972.4,7487.2,7397.9,7433.9
14365,9071.8,8361.3,8823.6,8167.8
610722,11158.7,11761.1,12115.3,11604.5
495698,10308.1,11100.7,10748.5,11717
499498,9730.2,9750.3,10037.8,9775.8
606254,9047.8,8903.3,9237.3,9090.9
294835,4947.1,5083.2,5200,5286.6
778901,11924.7,12986.3,12521.5,13104.3
770118,6269.7,5932.9,5832.9,5770.9
28610,10546.5,10792.6,11085.4,11319
811666,7075.6,7005.2,7061.1,6879.9
538997,5354,5616.3,5534.9,5523.4
523949,6793.8,10169.6,8988.1,8015.8
465054,9356.7,8799.4,8832.1,8633.9
912100,6244.4,6593.1,6341.7,6045.6
172063,8815.4,9921.3,9709.3,9599.5
196252,9260.3,9291.9,9479.3,9500.1
112013,7466.5,7939.6,7804.7,7799.6
203094,11452.7,11078,11253.2,11464.6
762633,5277.3,4998.4,5288.5,5221
971000,5393,4971.9,5236.8,5300.7
409770,8904.8,8718.6,9025.8,9253.7
118226,10487.6,10964.9,10707.3,10480.7
686515,12455.4,12775.6,12660.5,13295.1
482385,7443.8,7140.7,7288.2,7007.7
661109,7312,7460.3,7691.8,7424.7
112278,7191.2,7030.8,6831.9,6982.4
307477,8534,8790.4,8469.5,8643.6
342901,8772.9,8685.2,8931.5,9032.6
654545,8243.3,8466.1,8721.9,8779.9
413153,9181.9,9512.7,9060.9,9452.4
151251,6326.1,6456.9,5964,6354.3
37330,12466.2,12415.6,13030.3,12252.4
657532,7324.1,7349.9,7265.2,7478.8
168161,9862.4,10481.7,10413.9,10172.5
332410,14741.7,13665.1,14426.7,14034.1
913540,10785.9,11526.4,11451.3,11920.5
210313,5868.5,5994.9,5788.7,5553.4
212516,5080.2,5005.9,5210.8,5487.5
25686,8361.7,8636.3,8082,9193.3
652675,11058.2,10463.6,9913.3,10512.6
251840,7262.9,6084.6,6374,6264.9
72179,10970.1,11913,11272.4,11545.1
569382,7616.5,8923.7,7997.6,8463.8
54472,12854,13154.8,12673.6,12301.7
138473,7573.5,7168.7,7403.8,7142.2
720476,8153.2,11670,7669.7,9123.5
446674,6336.5,6563.8,6929.5,7293.1
566898,7632.2,7797.6,7378.3,7631.5
124194,5736.9,6084.5,5906.5,5942.7
977097,8969.6,9315.6,9144.5,9740
715308,6924,6770.4,6809.6,6746.8
182018,5651.9,6719.2,6329.3,6241.7
873296,5881.3,6036.1,5769.9,6077.7
225022,5067,5276,5292.9,5230.3
244217,9323.7,10294.5,10261.2,10436.5
729063,7155.1,7051.7,7510.1,7803.9
321477,23962.1,23829.5,25076.5,24531.5
447958,8189.3,8101.9,7841.8,8282.1
