,Id,Sales,SalesN
0,879066,4784.5,158.5
1,37135,5934.8,156.7
2,285919,8367.6,156.7
3,744348,11849.3,158.5
4,556250,5261.3,156.7
5,702857,5275.9,156.7
6,648596,14840.7,156.7
7,3915,7486.2,156.7
8,939798,8154.5,156.7
9,460359,6602.6,156.7
10,52386,10610.7,156.7
11,80864,8864.2,156.7
12,60534,8315.7,158.5
13,860712,6576.7,156.7
14,677333,8558.2,158.5
15,1016282,9795.9,156.7
16,91930,8462.2,156.7
17,11003,10017.2,158.5
18,635859,7989.7,156.7
19,427792,9880.3,158.5
20,174845,7796.7,158.5
21,429798,6341.1,156.7
22,686822,6764.5,158.5
23,191678,13553.8,156.7
24,398480,12565.7,158.5
25,987753,8038.2,158.5
26,1011557,12505.9,156.7
27,422663,6225.1,156.7
28,405989,9431.1,158.5
29,185599,4513.4,156.7
30,170978,7258.3,158.5
31,645402,6293.4,156.7
32,257677,9907.9,156.7
33,217035,10778.4,158.5
34,878522,10548.6,158.5
35,683545,11816.3,156.7
36,718723,8700.9,158.5
37,337610,7222.3,158.5
38,874699,7904.7,156.7
39,378685,5672.6,156.7
40,309197,7417.2,158.5
41,231251,12387.3,156.7
42,701881,8121.3,158.5
43,123358,5917.8,156.7
44,298862,6233.1,158.5
45,465184,7231.5,158.5
46,998154,8521.8,156.7
47,321515,4019.6,156.7
48,831238,9763.1,158.5
49,331595,5467.3,158.5
50,642322,8598.2,156.7
51,190723,8955.1,158.5
52,611837,6926.3,156.7
53,744397,12130.3,158.5
54,437649,5915.7,156.7
55,186104,9623.5,158.5
56,589867,11131.6,158.5
57,532624,8549.3,156.7
58,910098,6968.2,156.7
59,45135,9414.7,158.5
60,649178,5954.6,156.7
61,752315,7509.8,156.7
62,127563,10645.3,158.5
63,798838,13056.6,158.5
64,837021,6916.2,156.7
65,880045,7984.6,158.5
66,264710,10041.9,156.7
67,116415,10167.8,156.7
68,634702,11716.5,158.5
69,450328,7424.0,158.5
70,792466,11233.9,156.7
71,614237,5052.9,156.7
72,208161,5319.4,156.7
73,863694,6934.6,156.7
74,366634,8433.9,158.5
75,896862,12469.7,158.5
76,342531,9968.1,158.5
77,620434,5907.3,156.7
78,254534,6822.2,156.7
79,329705,9284.1,158.5
80,919220,8692.3,156.7
81,945686,11354.3,156.7
82,917134,3870.7,156.7
83,291332,14586.8,156.7
84,193051,7200.0,156.7
85,696139,5881.4,156.7
86,770312,5958.0,156.7
87,901382,8126.4,156.7
88,762394,7727.1,156.7
89,32719,13704.7,156.7
90,725842,5661.3,158.5
91,1002574,8182.9,158.5
92,898419,7489.4,156.7
93,601226,8324.9,158.5
94,291050,8240.0,156.7
95,608673,6081.7,156.7
96,344789,9166.8,158.5
97,728690,6402.5,158.5
98,553233,6083.5,158.5
99,842536,9418.5,158.5
100,501842,11267.5,158.5
101,530218,11416.5,156.7
102,3900,5267.1,158.5
103,66516,9545.7,156.7
104,785023,5328.2,156.7
105,229534,10730.7,156.7
106,7972,8218.8,156.7
107,444040,13208.7,158.5
108,784118,8369.9,156.7
109,186544,6643.9,156.7
110,356115,8758.9,158.5
111,713972,6715.3,156.7
112,426800,8143.7,158.5
113,319229,6301.6,158.5
114,603871,9834.6,158.5
115,96693,7921.7,156.7
116,159498,4201.3,156.7
117,930086,10384.4,158.5
118,938761,6710.5,156.7
119,768828,9903.1,158.5
120,465084,4905.3,156.7
121,739991,12478.4,156.7
122,297524,10217.8,156.7
123,338144,7232.8,156.7
124,947660,16911.9,156.7
125,560974,8930.6,158.5
126,777183,8221.3,158.5
127,106038,9234.9,158.5
128,716753,12481.4,156.7
129,705737,5350.5,158.5
130,619163,5076.6,158.5
131,249318,8884.2,158.5
132,429290,8294.2,156.7
133,441255,4975.2,156.7
134,769769,7793.0,158.5
135,765174,7862.6,156.7
136,901897,10299.1,156.7
137,1007374,8669.0,156.7
138,259231,6888.1,156.7
139,533688,9780.3,156.7
140,346936,9358.4,158.5
141,707002,5640.2,156.7
142,673103,8328.6,158.5
143,107675,8800.4,156.7
144,464562,10665.7,156.7
145,943485,10903.6,158.5
146,858750,10915.2,158.5
147,812746,9615.5,156.7
148,589554,7548.9,158.5
149,371569,10852.0,158.5
150,963052,10449.3,158.5
151,611909,6689.3,156.7
152,434050,7712.2,156.7
153,978489,9955.1,158.5
154,264855,9481.2,158.5
155,97503,9381.6,156.7
156,808037,11108.4,156.7
157,362229,10056.2,158.5
158,857340,9878.5,158.5
159,14489,7767.9,158.5
160,464758,9025.3,156.7
161,324649,9825.4,158.5
162,947849,6748.3,156.7
163,361717,9690.8,156.7
164,663746,5219.3,156.7
165,82575,8259.9,156.7
166,374521,14165.3,156.7
167,846198,10512.4,156.7
168,384193,7496.8,158.5
169,218398,5666.4,156.7
170,796248,9022.6,156.7
171,787249,7551.2,156.7
172,250864,10386.8,156.7
173,645288,7029.4,156.7
174,654987,7209.0,158.5
175,573253,6922.1,156.7
176,117120,4307.4,156.7
177,626874,12372.8,158.5
178,586838,10800.1,156.7
179,1000997,9169.2,158.5
180,454724,8501.9,156.7
181,457707,6750.0,158.5
182,596626,6222.6,156.7
183,296201,7721.8,158.5
184,857529,8701.5,158.5
185,517262,4730.7,156.7
186,440692,8055.2,156.7
187,477285,9144.3,158.5
188,807203,10422.4,158.5
189,945611,9829.2,156.7
190,270697,8644.8,156.7
191,762007,16429.9,158.5
192,298397,5939.0,156.7
193,276156,6621.0,158.5
194,108641,12774.4,156.7
195,67970,6079.7,158.5
196,647059,9160.2,158.5
197,673878,3928.5,156.7
198,420525,10782.2,158.5
199,754005,9902.5,156.7
200,429524,7217.8,158.5
201,800468,7584.5,158.5
202,196081,7966.6,158.5
203,1014844,7262.6,156.7
204,632621,7870.2,156.7
205,146584,9985.9,156.7
206,191179,13747.1,156.7
207,102967,3845.8,158.5
208,403689,8328.5,156.7
209,736466,4742.2,158.5
210,442419,15216.0,156.7
211,979556,5819.9,156.7
212,753268,10109.0,158.5
213,889868,11876.7,158.5
214,13092,9301.0,158.5
215,337833,9467.2,158.5
216,576842,6702.2,158.5
217,285792,6529.0,156.7
218,23263,3532.3,156.7
219,534485,5887.9,156.7
220,118779,7591.9,158.5
221,466207,6368.0,156.7
222,398959,11202.9,158.5
223,845162,8488.7,158.5
224,670308,7191.5,158.5
225,568387,7560.4,156.7
226,64332,7420.0,156.7
227,65706,10588.8,158.5
228,711426,12214.1,158.5
229,804263,12304.1,158.5
230,909408,11753.7,158.5
231,309227,5629.9,158.5
232,80854,11235.7,156.7
233,508623,12842.6,158.5
234,306162,7107.3,156.7
235,491399,9941.6,156.7
236,105483,4956.7,156.7
237,495741,10728.1,156.7
238,46037,6546.1,158.5
239,898587,5441.1,156.7
240,524487,7526.3,158.5
241,258967,5593.7,158.5
242,391717,10288.2,156.7
243,262966,7387.3,158.5
244,753825,10529.2,156.7
245,729222,10695.7,158.5
246,190860,11804.6,158.5
247,899236,10262.4,156.7
248,169180,6938.7,158.5
249,736390,11794.6,158.5
250,678464,21582.6,156.7
251,860295,13800.9,158.5
252,617262,8823.3,156.7
253,259202,3738.3,158.5
254,337050,8132.1,158.5
255,89030,11217.4,156.7
256,487986,7092.9,156.7
257,59391,7303.5,156.7
258,804555,13870.4,156.7
259,181523,6195.8,156.7
260,358270,13812.9,158.5
261,248175,22667.2,156.7
262,911528,4968.5,156.7
263,556795,8134.8,156.7
264,9291,7217.8,156.7
265,967750,4315.3,156.7
266,52961,10993.3,158.5
267,132041,7030.3,156.7
268,729366,12072.0,156.7
269,622800,13612.7,156.7
270,888144,9535.5,156.7
271,244711,9124.5,156.7
272,566828,8660.6,156.7
273,378153,6386.1,156.7
274,718658,8461.1,158.5
275,987043,6336.6,156.7
276,831191,10688.5,158.5
277,321268,9737.6,156.7
278,304817,11085.7,158.5
279,961994,7513.7,158.5
280,768411,7202.3,158.5
281,804835,4642.5,156.7
282,177118,9334.1,156.7
283,453170,6708.4,158.5
284,143873,6814.5,156.7
285,711030,4791.0,156.7
286,65897,8506.9,158.5
287,741781,6795.6,158.5
288,252037,7319.9,158.5
289,192390,7310.5,156.7
290,564137,9869.6,168.1
291,415428,112.9,156.7
292,658386,7614.6,158.5
293,770186,7139.2,156.7
294,235712,6966.6,156.7
295,161643,7920.9,156.7
296,822788,8421.6,156.7
297,308335,10201.6,158.5
298,755944,9825.6,158.5
299,672075,9557.2,156.7
300,613775,6733.9,156.7
301,479542,5149.6,158.5
302,625803,9022.7,156.7
303,355332,8780.8,156.7
304,903574,7005.4,158.5
305,607869,5899.8,156.7
306,934662,3471.3,156.7
307,869179,10639.0,156.7
308,985319,9751.5,158.5
309,577452,12591.8,156.7
310,725065,8124.8,156.7
311,527499,7192.0,158.5
312,4882,11042.7,158.5
313,616116,6874.0,156.7
314,971875,6065.3,156.7
315,214208,10330.3,158.5
316,627511,7025.6,158.5
317,815168,8406.9,158.5
318,135216,11027.2,156.7
319,94175,18047.0,156.7
320,223546,7549.1,158.5
321,729127,5938.1,156.7
322,11301,9976.5,158.5
323,166838,7896.8,156.7
324,938716,7794.1,156.7
325,598140,7807.3,158.5
326,536581,11285.7,158.5
327,478618,5287.4,156.7
328,326671,9710.2,156.7
329,59867,5059.3,156.7
330,101559,6420.8,156.7
331,292746,4341.7,156.7
332,961605,12705.4,156.7
333,796049,6401.6,158.5
334,694223,14850.9,156.7
335,451632,15790.3,156.7
336,183381,7310.4,158.5
337,366200,8465.0,156.7
338,730918,7506.5,156.7
339,812598,7756.0,156.7
340,907222,7088.0,156.7
341,821158,13931.5,158.5
342,522695,9623.1,158.5
343,318832,13117.7,156.7
344,24817,5115.6,156.7
345,755692,8553.3,156.7
346,24225,6728.1,158.5
347,977687,10298.7,156.7
348,172749,8672.4,158.5
349,612526,8276.3,158.5
350,896891,7994.1,156.7
351,328317,9940.4,158.5
352,416359,8179.4,156.7
353,364282,9808.6,158.5
354,698027,12226.7,156.7
355,656792,8510.2,158.5
356,297118,10508.1,156.7
357,806561,12576.6,156.7
358,282500,7624.5,158.5
359,192887,8896.2,156.7
360,207709,8818.7,158.5
361,1012976,11185.8,158.5
362,270884,9614.3,156.7
363,293709,6763.6,156.7
364,181915,8008.0,158.5
365,980294,8274.9,158.5
366,797346,6439.8,158.5
367,94057,14132.6,158.5
368,431841,8111.5,158.5
369,522400,9813.6,158.5
370,838149,7667.5,158.5
371,175453,12653.8,158.5
372,444199,6819.7,158.5
373,953744,8070.2,156.7
374,834671,13246.0,156.7
375,936868,9806.6,156.7
376,157127,12099.8,156.7
377,195962,10907.5,156.7
378,746622,5298.4,158.5
379,860798,16464.3,156.7
380,655675,9990.1,156.7
381,1005899,10444.1,158.5
382,347991,19120.5,156.7
383,818388,11807.4,156.7
384,767265,8901.9,158.5
385,481507,9668.9,158.5
386,4757,12964.6,158.5
387,125548,11968.3,156.7
388,308420,12472.4,156.7
389,351878,14814.8,156.7
390,990098,8801.8,156.7
391,608369,7520.9,156.7
392,522723,8103.3,158.5
393,580863,10848.0,158.5
394,306288,5276.0,156.7
395,992032,12229.5,156.7
396,867450,8563.2,156.7
397,978200,9114.9,158.5
398,300820,7788.0,156.7
399,262920,10226.7,156.7
400,552648,8846.7,156.7
401,97713,7158.3,158.5
402,129214,8268.6,156.7
403,537855,6310.9,156.7
404,320669,4925.9,156.7
405,859595,10212.1,158.5
406,367187,5757.0,156.7
407,321680,7583.7,158.5
408,53814,7702.2,158.5
409,363849,7499.4,158.5
410,682605,12098.3,158.5
411,144850,11683.4,158.5
412,186434,10110.1,156.7
413,886430,8064.8,158.5
414,916068,7232.8,158.5
415,518710,13239.0,156.7
416,870977,8281.7,156.7
417,376557,8887.0,156.7
418,974317,7460.8,158.5
419,851500,6422.4,158.5
420,715999,15420.4,158.5
421,521470,4725.5,156.7
422,495019,12518.2,156.7
423,738301,9592.2,158.5
424,359536,4614.4,158.5
425,303674,5434.4,156.7
426,693411,9347.9,156.7
427,535592,8329.6,158.5
428,209301,6655.5,158.5
429,224128,11341.4,158.5
430,554480,13264.7,158.5
431,2325,13901.6,156.7
432,870233,9712.9,156.7
433,692563,11357.3,156.7
434,906789,3453.3,156.7
435,617746,7229.7,158.5
436,54398,10211.3,158.5
437,836194,6481.0,158.5
438,245075,8175.5,156.7
439,251747,10350.5,158.5
440,814500,8361.3,158.5
441,878848,6690.5,158.5
442,482088,6183.7,158.5
443,303019,14783.8,158.5
444,29412,11327.2,156.7
445,133148,7178.7,156.7
446,61663,5607.5,156.7
447,258585,9907.9,156.7
448,22829,11939.2,156.7
449,743377,10137.3,158.5
450,753831,6670.5,156.7
451,916762,7783.5,156.7
452,684736,14465.9,156.7
453,497953,7798.2,156.7
454,267679,9917.4,158.5
455,949287,6767.5,156.7
456,534539,7405.9,158.5
457,756467,8930.9,158.5
458,172910,12383.0,156.7
459,157591,6263.6,156.7
460,644325,6866.7,158.5
461,128947,5233.7,156.7
462,1003869,6180.4,156.7
463,14952,10599.3,158.5
464,265973,9707.8,158.5
465,37062,10669.1,156.7
466,68422,15143.0,156.7
467,855143,7142.3,158.5
468,671536,17171.7,158.5
469,146475,14142.9,156.7
470,518974,10401.8,158.5
471,720099,6034.6,158.5
472,179495,3869.8,156.7
473,921810,9736.3,158.5
474,71312,7161.5,156.7
475,989461,7668.8,158.5
476,114214,8289.1,158.5
477,656445,9776.6,158.5
478,693187,16059.8,156.7
479,124153,6104.6,156.7
480,844245,8108.1,158.5
481,280806,9804.8,121.5
482,62456,5649.7,119.7
483,407008,9745.2,119.7
484,829504,6679.3,121.5
485,135255,5731.9,119.7
486,368517,10780.6,121.5
487,403964,4017.0,119.7
488,906155,9267.2,119.7
489,797134,10279.8,119.7
490,843008,8604.2,121.5
491,227606,10277.7,119.7
492,935423,10438.0,121.5
493,893778,9062.2,119.7
494,896153,6960.5,121.5
495,302680,10542.4,121.5
496,527048,11093.9,119.7
497,136807,7358.5,119.7
498,436444,7574.4,121.5
499,42597,7860.5,121.5
500,919288,6638.6,119.7
501,752825,15502.1,119.7
502,495734,9265.4,121.5
503,316661,10237.1,121.5
504,111217,7114.3,119.7
505,523946,10232.9,119.7
506,288620,10366.1,119.7
507,4872,10512.7,119.7
508,253885,7511.1,119.7
509,516495,10035.1,119.7
510,521712,6081.9,119.7
511,354626,8482.9,119.7
512,533554,21230.6,119.7
513,531423,7528.8,121.5
514,215171,11369.9,121.5
515,885166,6955.4,119.7
516,358427,7602.1,119.7
517,748215,7634.4,121.5
518,181312,7563.1,121.5
519,685259,5344.3,119.7
520,331925,7822.7,121.5
521,93693,10453.7,121.5
522,25167,14869.6,121.5
523,817902,10973.9,119.7
524,317598,10040.1,121.5
525,541392,11284.6,119.7
526,434447,13114.8,121.5
527,76139,15381.8,119.7
528,663175,10060.3,121.5
529,105155,8373.5,119.7
530,522703,5164.8,119.7
531,912853,11297.1,119.7
532,22696,14592.7,119.7
533,81545,11352.2,121.5
534,741612,8512.6,119.7
535,315970,13231.2,119.7
536,139729,7672.0,119.7
537,420000,3789.6,119.7
538,643251,13070.7,119.7
539,699411,7809.4,121.5
540,934620,8324.1,119.7
541,113959,7199.9,119.7
542,339916,3480.2,121.5
543,545719,16879.7,119.7
544,564936,13929.4,119.7
545,367438,14062.2,119.7
546,175109,6946.8,121.5
547,761333,4923.6,121.5
548,421808,5689.6,119.7
549,804228,6432.9,121.5
550,435152,11513.2,119.7
551,675006,9529.1,119.7
552,778402,9831.0,121.5
553,67763,5499.1,121.5
554,755866,6117.8,121.5
555,566035,8719.3,121.5
556,918630,5442.6,119.7
557,103158,4333.2,119.7
558,542325,11978.9,121.5
559,336951,17603.8,121.5
560,96213,8416.0,121.5
561,878189,18768.6,119.7
562,635926,5583.6,119.7
563,185988,6410.0,121.5
564,590716,8215.2,119.7
565,488178,7507.2,119.7
566,400178,8700.4,121.5
567,572940,6093.3,121.5
568,527828,4399.7,119.7
569,788402,6282.8,119.7
570,283865,10157.2,121.5
571,916804,8714.0,121.5
572,64780,5285.8,119.7
573,465480,9912.3,121.5
574,293354,7325.3,119.7
575,330648,8679.6,121.5
576,285054,6905.2,119.7
577,241833,13998.2,121.5
578,52762,9996.2,121.5
579,417959,11666.0,119.7
580,614447,6277.6,119.7
581,346417,7895.8,119.7
582,631779,5317.5,119.7
583,251346,5999.9,121.5
584,985650,7142.4,121.5
585,529108,16845.3,119.7
586,953786,11226.8,121.5
587,213912,8119.0,121.5
588,370841,7174.1,119.7
589,354063,7488.3,121.5
590,474685,7604.5,119.7
591,14081,4961.0,119.7
592,113610,11141.2,119.7
593,109038,4888.7,119.7
594,308102,16975.2,121.5
595,217420,6361.6,121.5
596,666721,6545.0,119.7
597,105442,6731.0,121.5
598,172860,11615.5,121.5
599,171014,12160.2,121.5
600,638608,5977.4,121.5
601,91822,7333.5,119.7
602,572249,11472.9,119.7
603,647292,8563.5,121.5
604,89571,10787.1,121.5
605,643356,6980.7,119.7
606,429702,6149.8,119.7
607,97682,12730.0,119.7
608,15699,6106.4,119.7
609,916226,4396.8,119.7
610,322796,6374.9,119.7
611,863858,7955.8,121.5
612,990577,6825.2,121.5
613,84745,7752.7,119.7
614,697780,9569.7,121.5
615,381012,10884.6,119.7
616,527786,9875.9,119.7
617,740615,8898.3,121.5
618,747271,7453.7,119.7
619,818618,11186.2,121.5
620,87851,6645.4,119.7
621,183747,5996.5,129.3
622,544038,9987.5,119.7
623,970308,7885.0,119.7
624,283059,7339.3,119.7
625,635240,11180.3,121.5
626,49849,7809.7,121.5
627,896099,10920.5,119.7
628,798170,6683.3,121.5
629,519994,7135.6,119.7
630,335682,7098.9,121.5
631,77064,9245.0,119.7
632,423296,7665.3,121.5
633,372630,8336.2,121.5
634,565736,8002.2,119.7
635,691750,9353.2,121.5
636,765563,12323.3,121.5
637,18001,7781.0,121.5
638,165992,4956.5,119.7
639,932931,12799.7,121.5
640,84076,6351.7,119.7
641,198927,3484.3,121.5
642,781989,11345.1,119.7
643,622594,12002.2,121.5
644,236373,15179.5,119.7
645,479384,6902.6,119.7
646,498061,8966.8,119.7
647,522999,7451.7,121.5
648,280432,5172.3,119.7
649,967722,7893.9,119.7
650,380483,8238.6,119.7
651,407520,9348.8,119.7
652,556142,8251.3,121.5
653,487423,7505.0,121.5
654,790158,11752.0,121.5
655,986674,4982.9,121.5
656,306176,7716.5,121.5
657,933009,7107.0,121.5
658,913321,6179.3,121.5
659,881764,7245.2,119.7
660,222471,7381.5,121.5
661,941263,10467.4,121.5
662,70877,8299.4,119.7
663,141731,8412.6,121.5
664,992628,8682.5,119.7
665,485557,8918.4,121.5
666,293552,11619.1,121.5
667,79985,10682.8,121.5
668,214983,6465.1,121.5
669,608124,9692.5,119.7
670,629843,8210.8,119.7
671,255031,9560.0,121.5
672,528522,11273.4,121.5
673,509491,12336.7,119.7
674,57216,4530.9,119.7
675,821099,9732.8,119.7
676,632161,9780.6,121.5
677,476489,10215.5,121.5
678,855995,11910.1,119.7
679,828449,6357.8,121.5
680,485194,4571.5,119.7
681,533597,13412.6,119.7
682,455039,10558.0,119.7
683,373530,9851.4,121.5
684,847495,7778.0,119.7
685,411271,7144.9,119.7
686,48617,10400.1,121.5
687,247957,5479.9,119.7
688,962257,8524.6,121.5
689,17617,6940.8,119.7
690,668483,9623.5,121.5
691,546239,7197.2,119.7
692,174241,7491.8,121.5
693,87933,10410.5,119.7
694,969595,6550.4,119.7
695,34469,10461.1,119.7
696,997362,13925.8,121.5
697,668748,16057.9,119.7
698,560107,10757.5,119.7
699,368683,5843.5,119.7
700,804222,8021.5,121.5
701,403175,6419.9,119.7
702,457826,3383.7,119.7
703,164369,12720.1,121.5
704,180460,11617.4,119.7
705,271086,7527.3,121.5
706,957698,14157.7,119.7
707,295570,6982.1,121.5
708,979932,10458.5,119.7
709,547583,6708.2,121.5
710,863892,8022.0,121.5
711,507804,7653.3,119.7
712,246770,11371.3,119.7
713,140749,8161.6,121.5
714,935622,8860.9,119.7
715,299585,6985.5,121.5
716,501062,7436.6,121.5
717,190155,8986.7,119.7
718,408991,6907.4,121.5
719,747592,9998.9,119.7
720,77109,9449.3,119.7
721,451619,9142.5,119.7
722,629026,11967.2,121.5
723,718248,7819.1,121.5
724,212575,7227.2,121.5
725,436866,12742.7,119.7
726,73202,5791.9,119.7
727,650097,7104.3,121.5
728,973157,13947.1,121.5
729,917929,8460.4,121.5
730,522920,10363.3,119.7
731,472409,12112.7,119.7
732,581962,16457.2,119.7
733,672883,6296.1,119.7
734,702665,6439.5,121.5
735,874339,5833.9,121.5
736,352452,10757.5,119.7
737,517828,9980.8,121.5
738,306466,12742.7,121.5
739,969609,9869.3,121.5
740,270108,11145.9,121.5
741,727316,11975.9,121.5
742,534821,4976.9,119.7
743,56431,9485.8,119.7
744,185646,8913.3,119.7
745,359591,8583.4,121.5
746,289641,9884.7,121.5
747,723953,7311.7,121.5
748,23556,6444.7,119.7
749,457779,7057.4,121.5
750,184882,4106.1,119.7
751,449567,7303.6,119.7
752,484121,9096.4,121.5
753,883782,7882.3,121.5
754,124038,12189.5,121.5
755,911321,22000.6,119.7
756,818742,9288.9,119.7
757,636202,7173.8,119.7
758,899530,10157.4,119.7
759,830017,7641.0,119.7
760,3864,11954.0,119.7
761,798619,6201.8,121.5
762,864753,7372.4,121.5
763,280087,6018.5,119.7
764,465395,11890.2,119.7
765,202290,7908.1,121.5
766,507695,9153.5,119.7
767,907175,19359.2,119.7
768,302613,13494.9,119.7
769,26947,6115.7,119.7
770,945105,8961.7,119.7
771,227632,5337.5,121.5
772,871727,6701.4,119.7
773,637336,6642.7,119.7
774,335175,9972.7,121.5
775,862975,5760.9,137.1
776,44484,6047.2,137.1
777,623575,6179.1,135.3
778,495180,8118.1,135.3
779,216736,7288.2,135.3
780,197739,5241.0,135.3
781,612620,7829.1,137.1
782,502189,8554.3,137.1
783,253758,9334.3,135.3
784,488655,11334.7,137.1
785,57663,3575.1,135.3
786,587515,14049.3,137.1
787,495353,19337.7,135.3
788,476945,4367.6,135.3
789,463924,9402.7,137.1
790,979123,11506.5,135.3
791,774638,10606.0,137.1
792,954895,6641.5,137.1
793,855706,3876.9,137.1
794,915795,5151.2,137.1
795,333921,9061.7,135.3
796,638404,5822.6,135.3
797,745034,8892.1,135.3
798,529667,12121.8,135.3
799,388099,5286.9,137.1
800,56392,7706.2,137.1
801,259271,10866.2,135.3
802,416594,5905.5,137.1
803,423884,6177.1,137.1
804,28572,7714.7,137.1
805,801751,9346.3,137.1
806,550054,11370.8,135.3
807,985391,11066.7,135.3
808,190160,10636.8,135.3
809,166994,7271.6,137.1
810,675810,5322.0,135.3
811,143489,7542.4,137.1
812,713708,8334.4,135.3
813,418156,11472.9,137.1
814,958811,8163.4,135.3
815,512260,7111.8,137.1
816,950515,21026.6,135.3
817,449339,6683.4,137.1
818,639833,6232.0,135.3
819,892192,15042.2,135.3
820,375448,11037.3,135.3
821,870403,10279.1,135.3
822,139267,7568.8,135.3
823,561275,8955.9,135.3
824,75801,5272.0,135.3
825,632055,11176.9,135.3
826,580876,15544.9,135.3
827,995435,8419.7,137.1
828,524285,7309.7,137.1
829,340939,7921.9,135.3
830,89889,14685.3,135.3
831,132855,10168.3,137.1
832,747447,6708.5,137.1
833,845818,7629.0,135.3
834,462231,8138.8,135.3
835,576417,6794.4,135.3
836,656971,5505.9,135.3
837,771526,12838.2,137.1
838,312497,5023.4,137.1
839,1011442,7803.7,135.3
840,911462,3912.9,135.3
841,488825,24543.5,137.1
842,823356,10914.0,137.1
843,525647,5790.7,135.3
844,794857,5301.2,137.1
845,798322,12999.1,135.3
846,32844,10115.8,137.1
847,68203,9841.2,135.3
848,624797,11080.9,137.1
849,441578,8202.3,137.1
850,327652,6396.0,137.1
851,277811,5383.9,137.1
852,486536,13373.1,135.3
853,214467,6367.2,137.1
854,771160,9235.6,135.3
855,442817,8919.9,135.3
856,135141,9678.0,137.1
857,403295,5938.6,135.3
858,385072,9401.4,137.1
859,282833,9321.1,137.1
860,57088,5026.8,137.1
861,828285,11310.7,135.3
862,82975,15773.0,135.3
863,489983,7420.1,135.3
864,673273,9385.4,137.1
865,1008189,8528.2,137.1
866,509662,6526.5,137.1
867,433199,10692.8,137.1
868,799531,7398.1,137.1
869,938428,7465.4,135.3
870,20906,8278.1,137.1
871,603213,9230.1,135.3
872,718780,4077.1,135.3
873,31313,5877.8,135.3
874,157942,5981.0,137.1
875,93559,128.1,135.3
876,1004412,7830.0,135.3
877,956999,11167.7,137.1
878,125025,5801.1,147.6
879,501617,10180.0,135.3
880,709860,6370.0,135.3
881,51435,6980.4,135.3
882,498715,5680.9,135.3
883,150289,7440.6,137.1
884,886288,6669.4,135.3
885,750933,7450.6,135.3
886,961322,8122.8,137.1
887,16685,12295.0,137.1
888,909403,5896.9,137.1
889,819560,9232.7,135.3
890,240302,11081.0,135.3
891,101318,9223.1,135.3
892,685841,7614.0,135.3
893,707037,10912.2,135.3
894,338897,12129.2,135.3
895,233697,8930.2,135.3
896,846299,5471.9,137.1
897,807309,9100.8,135.3
898,269424,5752.5,137.1
899,758124,7510.1,135.3
900,769755,8121.7,135.3
901,103078,4739.0,135.3
902,519980,13072.1,137.1
903,803193,8050.2,137.1
904,765177,10127.0,135.3
905,267434,13151.8,135.3
906,228612,8640.9,135.3
907,860139,5098.0,135.3
908,852353,14970.7,135.3
909,937180,9353.5,137.1
910,938550,12389.1,135.3
911,413627,6918.8,137.1
912,367298,11516.6,135.3
913,1016764,11045.1,137.1
914,983117,8332.1,137.1
915,358430,6030.3,135.3
916,471023,8556.9,135.3
917,722107,6477.2,135.3
918,583063,7822.1,135.3
919,169373,6979.7,135.3
920,489545,8620.4,135.3
921,519346,8207.4,137.1
922,974911,5044.3,135.3
923,174999,4861.5,135.3
924,385417,8342.2,137.1
925,676235,10315.3,137.1
926,154674,8663.8,135.3
927,757900,11688.1,137.1
928,231481,7861.0,135.3
929,358189,8332.0,135.3
930,29688,6234.1,135.3
931,475051,10204.6,135.3
932,744909,9772.5,135.3
933,194044,9430.1,135.3
934,333135,8291.2,135.3
935,648812,7171.6,135.3
936,247677,8766.0,137.1
937,856242,12356.8,135.3
938,883070,7783.7,137.1
939,56370,10970.9,137.1
940,730612,6473.3,135.3
941,951665,8109.1,137.1
942,688897,8189.2,137.1
943,140504,9239.4,137.1
944,207621,5838.2,135.3
945,980059,4998.2,135.3
946,827199,10658.6,135.3
947,978655,8522.2,135.3
948,550524,7204.6,135.3
949,338087,7979.6,135.3
950,671071,9707.8,137.1
951,690609,7511.0,137.1
952,239384,7232.5,135.3
953,523766,8153.1,135.3
954,249565,6170.0,137.1
955,866807,6075.3,135.3
956,547381,10925.5,137.1
957,693114,4186.4,135.3
958,603298,9922.3,135.3
959,581616,10112.3,137.1
960,7632,8125.3,137.1
961,762324,10225.6,137.1
962,110566,12131.9,135.3
963,398950,12680.8,135.3
964,379079,11534.3,135.3
965,600935,5554.8,135.3
966,913364,9630.8,135.3
967,398589,8121.8,137.1
968,308394,5199.5,135.3
969,681190,2610.7,135.3
970,771976,10305.9,137.1
971,329051,4466.8,135.3
972,54991,9827.7,137.1
973,97159,13264.3,135.3
974,845277,9493.8,135.3
975,626537,8710.4,135.3
976,239665,5763.4,135.3
977,673309,12048.5,137.1
978,246161,8010.5,135.3
979,319503,8509.5,135.3
980,145964,9993.7,137.1
981,458052,9627.5,137.1
982,553676,9706.1,135.3
983,153955,7998.4,137.1
984,136100,10097.4,137.1
985,371391,6649.9,135.3
986,40230,10376.2,137.1
987,960549,4967.8,135.3
988,156696,7342.3,135.3
989,416894,8884.4,137.1
990,481881,6280.6,135.3
991,386033,6531.4,135.3
992,813540,10183.4,137.1
993,213222,5751.1,135.3
994,131098,10843.4,137.1
995,419247,8616.2,138.0
996,447490,6484.6,138.0
997,88358,5357.0,136.2
998,393665,11150.7,138.0
999,142310,8009.7,136.2
1000,547248,8375.6,138.0
1001,902050,8489.2,138.0
1002,551892,8547.6,136.2
1003,956541,7966.1,138.0
1004,853001,7336.3,136.2
1005,229883,10287.0,138.0
1006,317834,11337.3,138.0
1007,87262,7150.7,136.2
1008,858858,5832.7,136.2
1009,458112,14825.9,138.0
1010,662770,10233.6,136.2
1011,554433,7917.4,138.0
1012,462288,5127.2,136.2
1013,996167,14764.4,136.2
1014,651038,8938.0,138.0
1015,650329,7232.7,138.0
1016,14238,6790.8,138.0
1017,562896,12668.9,138.0
1018,208547,10793.5,138.0
1019,494976,10461.0,136.2
1020,118512,10694.7,136.2
1021,743890,8694.2,136.2
1022,53615,6563.3,138.0
1023,429583,7920.0,138.0
1024,926565,9028.2,136.2
1025,900779,12204.5,138.0
1026,194865,17370.5,136.2
1027,235258,6983.7,136.2
1028,40122,5362.0,136.2
1029,85676,4735.2,136.2
1030,258859,6369.3,138.0
1031,202481,13278.9,138.0
1032,432319,19419.7,136.2
1033,378647,7157.8,136.2
1034,310225,5554.5,136.2
1035,936103,5821.5,138.0
1036,758873,8267.0,136.2
1037,490146,6696.3,138.0
1038,169425,10123.6,136.2
1039,67415,9817.4,136.2
1040,175363,6752.9,138.0
1041,183467,6731.2,136.2
1042,812693,10440.1,138.0
1043,351072,7810.5,138.0
1044,982915,12734.4,136.2
1045,912533,11995.1,138.0
1046,821826,8502.1,136.2
1047,817328,9584.5,138.0
1048,173366,5075.3,136.2
1049,799964,9443.8,138.0
1050,314385,10084.5,138.0
1051,611228,10152.9,136.2
1052,735181,10616.6,136.2
1053,797825,8841.5,136.2
1054,150258,9610.0,138.0
1055,105519,8324.9,138.0
1056,584257,7487.2,138.0
1057,14365,8361.3,136.2
1058,610722,11761.1,138.0
1059,495698,11100.7,136.2
1060,499498,9750.3,138.0
1061,606254,8903.3,138.0
1062,294835,5083.2,136.2
1063,778901,12986.3,136.2
1064,770118,5932.9,136.2
1065,28610,10792.6,136.2
1066,811666,7005.2,138.0
1067,538997,5616.3,138.0
1068,523949,10169.6,136.2
1069,465054,8799.4,138.0
1070,912100,6593.1,136.2
1071,172063,9921.3,136.2
1072,196252,9291.9,136.2
1073,112013,7939.6,138.0
1074,203094,11078.0,136.2
1075,762633,4998.4,136.2
1076,971000,4971.9,136.2
1077,409770,8718.6,138.0
1078,118226,10964.9,136.2
1079,686515,12775.6,136.2
1080,482385,7140.7,136.2
1081,661109,7460.3,138.0
1082,112278,7030.8,138.0
1083,307477,8790.4,136.2
1084,342901,8685.2,138.0
1085,654545,8466.1,136.2
1086,413153,9512.7,138.0
1087,151251,6456.9,136.2
1088,37330,12415.6,138.0
1089,657532,7349.9,136.2
1090,168161,10481.7,136.2
1091,332410,13665.1,136.2
1092,913540,11526.4,138.0
1093,210313,5994.9,138.0
1094,212516,5005.9,136.2
1095,25686,8636.3,136.2
1096,652675,10463.6,136.2
1097,251840,6084.6,136.2
1098,72179,11913.0,136.2
1099,569382,8923.7,136.2
1100,54472,13154.8,138.0
1101,138473,7168.7,136.2
1102,720476,11670.0,138.0
1103,446674,6563.8,138.0
1104,566898,7797.6,138.0
1105,124194,6084.5,136.2
1106,977097,9315.6,136.2
1107,715308,6770.4,136.2
1108,182018,6719.2,138.0
1109,873296,6036.1,138.0
1110,225022,5276.0,136.2
1111,244217,10294.5,138.0
1112,729063,7051.7,136.2
1113,321477,23829.5,136.2
1114,447958,8101.9,138.0
